timesteps,episode_reward,episode_length
96.0,-9.873634,96.0
192.0,-13.848006,96.0
288.0,-12.434819,96.0
384.0,-14.342397,96.0
480.0,-14.37228,96.0
576.0,-14.454495,96.0
672.0,-9.663803,96.0
768.0,-12.915389,96.0
864.0,-14.052107,96.0
960.0,-10.391726,96.0
1056.0,-14.320997,96.0
1152.0,-14.296931,96.0
1248.0,-13.311509,96.0
1344.0,-13.775929,96.0
1440.0,-12.566284,96.0
1536.0,-13.803068,96.0
1632.0,-14.100177,96.0
1728.0,-12.762579,96.0
1824.0,-14.189409,96.0
1920.0,-14.452174,96.0
2016.0,-14.402177,96.0
2112.0,-13.290173,96.0
2208.0,-13.530144,96.0
2304.0,-14.544346,96.0
2400.0,-13.923187,96.0
2496.0,-13.24237,96.0
2592.0,-14.239465,96.0
2688.0,-13.922571,96.0
2784.0,-14.269921,96.0
2880.0,-14.197907,96.0
2976.0,-14.466612,96.0
3072.0,-14.095302,96.0
3168.0,-10.066294,96.0
3264.0,-14.4046,96.0
3360.0,-14.380204,96.0
3456.0,-11.228288,96.0
3552.0,-14.505222,96.0
3648.0,-14.012373,96.0
3744.0,-13.233797,96.0
3840.0,-13.141138,96.0
3936.0,-13.14157,96.0
4032.0,-13.576567,96.0
4128.0,-12.656255,96.0
4224.0,-13.191467,96.0
4320.0,-11.342201,96.0
4416.0,-13.994354,96.0
4512.0,-14.434665,96.0
4608.0,-14.061285,96.0
4704.0,-13.040866,96.0
4800.0,-13.808045,96.0
4896.0,-13.65721,96.0
4992.0,-13.744254,96.0
5088.0,-13.072266,96.0
5184.0,-13.958333,96.0
5280.0,-14.299377,96.0
5376.0,-10.510199,96.0
5472.0,-14.406293,96.0
5568.0,-13.32101,96.0
5664.0,-13.474774,96.0
5760.0,-13.141156,96.0
5856.0,-14.257783,96.0
5952.0,-13.48318,96.0
6048.0,-13.243332,96.0
6144.0,-13.764017,96.0
6240.0,-14.132359,96.0
6336.0,-12.319055,96.0
6432.0,-14.835816,96.0
6528.0,-13.32715,96.0
6624.0,-10.132188,96.0
6720.0,-13.941498,96.0
6816.0,-13.311834,96.0
6912.0,-13.407519,96.0
7008.0,-14.155984,96.0
7104.0,-12.996248,96.0
7200.0,-13.136202,96.0
7296.0,-14.080142,96.0
7392.0,-12.148313,96.0
7488.0,-14.050851,96.0
7584.0,-13.901181,96.0
7680.0,-12.414709,96.0
7776.0,-13.911068,96.0
7872.0,-14.293224,96.0
7968.0,-12.649381,96.0
8064.0,-14.072134,96.0
8160.0,-13.293089,96.0
8256.0,-12.701491,96.0
8352.0,-10.808444,96.0
8448.0,-12.730198,96.0
8544.0,-13.719885,96.0
8640.0,-14.187495,96.0
8736.0,-14.316369,96.0
8832.0,-12.930322,96.0
8928.0,-14.153754,96.0
9024.0,-13.171905,96.0
9120.0,-14.246617,96.0
9216.0,-12.917885,96.0
9312.0,-13.890934,96.0
9408.0,-13.033689,96.0
9504.0,-13.264432,96.0
9600.0,-12.771925,96.0
9696.0,-14.183998,96.0
9792.0,-14.09844,96.0
9888.0,-12.92487,96.0
9984.0,-11.100353,96.0
10080.0,-13.035236,96.0
10176.0,-13.921223,96.0
10272.0,-13.972686,96.0
10368.0,-12.094593,96.0
10464.0,-13.885195,96.0
10560.0,-12.304989,96.0
10656.0,-13.167809,96.0
10752.0,-13.915095,96.0
10848.0,-14.382964,96.0
10944.0,-14.380755,96.0
11040.0,-14.405817,96.0
11136.0,-13.951301,96.0
11232.0,-11.028808,96.0
11328.0,-12.706825,96.0
11424.0,-14.400867,96.0
11520.0,-12.709565,96.0
11616.0,-14.305328,96.0
11712.0,-12.476322,96.0
11808.0,-12.490321,96.0
11904.0,-13.881519,96.0
12000.0,-14.487615,96.0
12096.0,-13.95803,96.0
12192.0,-9.312574,96.0
12288.0,-13.737155,96.0
12384.0,-14.471462,96.0
12480.0,-13.146259,96.0
12576.0,-13.965632,96.0
12672.0,-14.364435,96.0
12768.0,-9.895388,96.0
12864.0,-14.210185,96.0
12960.0,-13.458505,96.0
13056.0,-12.353983,96.0
13152.0,-13.963272,96.0
13248.0,-10.982104,96.0
13344.0,-13.131856,96.0
13440.0,-14.314436,96.0
13536.0,-14.010201,96.0
13632.0,-14.141165,96.0
13728.0,-13.209392,96.0
13824.0,-14.058232,96.0
13920.0,-13.607793,96.0
14016.0,-14.266711,96.0
14112.0,-11.024536,96.0
14208.0,-13.760396,96.0
14304.0,-13.769262,96.0
14400.0,-10.627114,96.0
14496.0,-14.407013,96.0
14592.0,-12.762784,96.0
14688.0,-13.942732,96.0
14784.0,-13.410984,96.0
14880.0,-14.397278,96.0
14976.0,-12.159108,96.0
15072.0,-12.876739,96.0
15168.0,-14.297348,96.0
15264.0,-14.371442,96.0
15360.0,-13.909227,96.0
15456.0,-13.615963,96.0
15552.0,-12.220717,96.0
15648.0,-14.067278,96.0
15744.0,-14.137049,96.0
15840.0,-14.004242,96.0
15936.0,-13.445268,96.0
16032.0,-12.528084,96.0
16128.0,-13.243432,96.0
16224.0,-12.101333,96.0
16320.0,-11.295792,96.0
16416.0,-11.692519,96.0
16512.0,-9.92427,96.0
16608.0,-13.775746,96.0
16704.0,-13.100459,96.0
16800.0,-12.768433,96.0
16896.0,-14.240734,96.0
16992.0,-12.606988,96.0
17088.0,-12.796599,96.0
17184.0,-14.522524,96.0
17280.0,-14.500499,96.0
17376.0,-13.896105,96.0
17472.0,-13.450675,96.0
17568.0,-14.383748,96.0
17664.0,-12.715647,96.0
17760.0,-14.378858,96.0
17856.0,-14.393555,96.0
17952.0,-13.254554,96.0
18048.0,-12.92383,96.0
18144.0,-13.859107,96.0
18240.0,-12.284627,96.0
18336.0,-13.063316,96.0
18432.0,-13.167659,96.0
18528.0,-13.796637,96.0
18624.0,-13.039339,96.0
18720.0,-13.575325,96.0
18816.0,-9.670883,96.0
18912.0,-12.44664,96.0
19008.0,-12.901439,96.0
19104.0,-12.31096,96.0
19200.0,-13.39032,96.0
19296.0,-13.014541,96.0
19392.0,-14.55051,96.0
19488.0,-14.344181,96.0
19584.0,-12.635571,96.0
19680.0,-14.41239,96.0
19776.0,-13.690029,96.0
19872.0,-13.890161,96.0
19968.0,-13.832228,96.0
20064.0,-13.708041,96.0
20160.0,-13.904857,96.0
20256.0,-13.56709,96.0
20352.0,-12.615028,96.0
20448.0,-13.918963,96.0
20544.0,-14.420844,96.0
20640.0,-13.372553,96.0
20736.0,-13.583871,96.0
20832.0,-9.425664,96.0
20928.0,-10.731074,96.0
21024.0,-14.286159,96.0
21120.0,-14.74448,96.0
21216.0,-12.814861,96.0
21312.0,-14.417294,96.0
21408.0,-12.493314,96.0
21504.0,-14.101618,96.0
21600.0,-13.04204,96.0
21696.0,-12.300472,96.0
21792.0,-13.399719,96.0
21888.0,-14.219759,96.0
21984.0,-14.427894,96.0
22080.0,-13.886964,96.0
22176.0,-14.23285,96.0
22272.0,-14.568975,96.0
22368.0,-11.147613,96.0
22464.0,-13.541391,96.0
22560.0,-14.320987,96.0
22656.0,-12.903896,96.0
22752.0,-12.087765,96.0
22848.0,-14.31001,96.0
22944.0,-12.571813,96.0
23040.0,-13.706979,96.0
23136.0,-12.787899,96.0
23232.0,-13.491148,96.0
23328.0,-10.345676,96.0
23424.0,-12.720598,96.0
23520.0,-13.604635,96.0
23616.0,-9.521866,96.0
23712.0,-13.398412,96.0
23808.0,-14.058618,96.0
23904.0,-13.918778,96.0
24000.0,-10.990871,96.0
24096.0,-13.622951,96.0
24192.0,-14.398252,96.0
24288.0,-13.366884,96.0
24384.0,-12.18835,96.0
24480.0,-12.275706,96.0
24576.0,-12.888614,96.0
24672.0,-13.093237,96.0
24768.0,-11.39895,96.0
24864.0,-13.819886,96.0
24960.0,-13.613376,96.0
25056.0,-13.516563,96.0
25152.0,-13.528967,96.0
25248.0,-12.342986,96.0
25344.0,-14.444698,96.0
25440.0,-13.625278,96.0
25536.0,-13.801756,96.0
25632.0,-14.34609,96.0
25728.0,-12.950652,96.0
25824.0,-13.447895,96.0
25920.0,-13.812454,96.0
26016.0,-13.408696,96.0
26112.0,-11.142719,96.0
26208.0,-13.424331,96.0
26304.0,-13.599263,96.0
26400.0,-14.111312,96.0
26496.0,-14.456356,96.0
26592.0,-14.010408,96.0
26688.0,-13.837407,96.0
26784.0,-11.371248,96.0
26880.0,-9.309376,96.0
26976.0,-13.128827,96.0
27072.0,-14.440505,96.0
27168.0,-12.486677,96.0
27264.0,-14.167899,96.0
27360.0,-14.31513,96.0
27456.0,-13.950689,96.0
27552.0,-12.796829,96.0
27648.0,-14.12784,96.0
27744.0,-14.375391,96.0
27840.0,-13.964449,96.0
27936.0,-13.323761,96.0
28032.0,-13.765126,96.0
28128.0,-14.527982,96.0
28224.0,-12.057132,96.0
28320.0,-14.345036,96.0
28416.0,-13.97236,96.0
28512.0,-14.028803,96.0
28608.0,-14.380202,96.0
28704.0,-12.732983,96.0
28800.0,-11.277693,96.0
28896.0,-13.215193,96.0
28992.0,-14.026041,96.0
29088.0,-11.563743,96.0
29184.0,-14.227098,96.0
29280.0,-14.320109,96.0
29376.0,-12.744094,96.0
29472.0,-12.31933,96.0
29568.0,-14.454011,96.0
29664.0,-12.849128,96.0
29760.0,-11.98614,96.0
29856.0,-12.250389,96.0
29952.0,-12.459022,96.0
30048.0,-12.850838,96.0
30144.0,-12.752923,96.0
30240.0,-14.141533,96.0
30336.0,-12.261034,96.0
30432.0,-13.278057,96.0
30528.0,-13.369235,96.0
30624.0,-13.905022,96.0
30720.0,-13.899901,96.0
30816.0,-12.422269,96.0
30912.0,-11.843607,96.0
31008.0,-13.454513,96.0
31104.0,-13.869092,96.0
31200.0,-14.143616,96.0
31296.0,-13.861337,96.0
31392.0,-13.790855,96.0
31488.0,-11.102654,96.0
31584.0,-12.901117,96.0
31680.0,-14.382298,96.0
31776.0,-14.310977,96.0
31872.0,-13.250049,96.0
31968.0,-12.669738,96.0
32064.0,-14.072773,96.0
32160.0,-14.362041,96.0
32256.0,-13.329833,96.0
32352.0,-13.541835,96.0
32448.0,-12.925286,96.0
32544.0,-14.024485,96.0
32640.0,-14.562644,96.0
32736.0,-13.101993,96.0
32832.0,-13.282751,96.0
32928.0,-14.192018,96.0
33024.0,-13.898353,96.0
33120.0,-14.878874,96.0
33216.0,-13.312264,96.0
33312.0,-13.454269,96.0
33408.0,-14.175279,96.0
33504.0,-13.659232,96.0
33600.0,-13.155354,96.0
33696.0,-14.231323,96.0
33792.0,-10.722293,96.0
33888.0,-12.651391,96.0
33984.0,-14.283295,96.0
34080.0,-13.894423,96.0
34176.0,-13.47631,96.0
34272.0,-13.409441,96.0
34368.0,-14.111936,96.0
34464.0,-10.023222,96.0
34560.0,-13.408735,96.0
34656.0,-13.980251,96.0
34752.0,-14.188501,96.0
34848.0,-14.238176,96.0
34944.0,-14.11935,96.0
35040.0,-12.813529,96.0
35136.0,-13.838768,96.0
35232.0,-13.919778,96.0
35328.0,-12.838803,96.0
35424.0,-11.213618,96.0
35520.0,-13.768846,96.0
35616.0,-12.176812,96.0
35712.0,-12.088441,96.0
35808.0,-14.02403,96.0
35904.0,-13.124451,96.0
36000.0,-14.477173,96.0
36096.0,-10.452834,96.0
36192.0,-13.33315,96.0
36288.0,-13.437361,96.0
36384.0,-12.978015,96.0
36480.0,-13.617601,96.0
36576.0,-10.931336,96.0
36672.0,-14.094003,96.0
36768.0,-14.273141,96.0
36864.0,-14.057585,96.0
36960.0,-11.154384,96.0
37056.0,-12.818551,96.0
37152.0,-11.664362,96.0
37248.0,-14.129349,96.0
37344.0,-14.04223,96.0
37440.0,-13.471148,96.0
37536.0,-13.400662,96.0
37632.0,-13.677533,96.0
37728.0,-13.287013,96.0
37824.0,-14.106333,96.0
37920.0,-12.896329,96.0
38016.0,-14.55308,96.0
38112.0,-10.79688,96.0
38208.0,-14.006134,96.0
38304.0,-12.798774,96.0
38400.0,-12.65344,96.0
38496.0,-13.853361,96.0
38592.0,-13.953072,96.0
38688.0,-12.500512,96.0
38784.0,-14.143882,96.0
38880.0,-14.385233,96.0
38976.0,-14.446148,96.0
39072.0,-14.387082,96.0
39168.0,-12.817412,96.0
39264.0,-14.274119,96.0
39360.0,-11.47028,96.0
39456.0,-13.773693,96.0
39552.0,-13.983164,96.0
39648.0,-12.869094,96.0
39744.0,-13.055174,96.0
39840.0,-10.979912,96.0
39936.0,-12.957579,96.0
40032.0,-13.877379,96.0
40128.0,-12.95967,96.0
40224.0,-13.162631,96.0
40320.0,-14.40273,96.0
40416.0,-14.542344,96.0
40512.0,-12.860385,96.0
40608.0,-13.724922,96.0
40704.0,-13.827872,96.0
40800.0,-14.076039,96.0
40896.0,-14.174586,96.0
40992.0,-14.420153,96.0
41088.0,-12.977565,96.0
41184.0,-10.912726,96.0
41280.0,-12.56897,96.0
41376.0,-9.555171,96.0
41472.0,-13.48642,96.0
41568.0,-14.02867,96.0
41664.0,-12.903395,96.0
41760.0,-14.300708,96.0
41856.0,-12.76732,96.0
41952.0,-13.947644,96.0
42048.0,-14.546767,96.0
42144.0,-9.292089,96.0
42240.0,-14.160516,96.0
42336.0,-14.082429,96.0
42432.0,-12.384097,96.0
42528.0,-12.98442,96.0
42624.0,-14.10911,96.0
42720.0,-14.26846,96.0
42816.0,-12.235164,96.0
42912.0,-12.796547,96.0
43008.0,-14.292279,96.0
43104.0,-13.921482,96.0
43200.0,-12.747288,96.0
43296.0,-13.519766,96.0
43392.0,-14.439075,96.0
43488.0,-14.363611,96.0
43584.0,-10.946072,96.0
43680.0,-14.13099,96.0
43776.0,-14.410032,96.0
43872.0,-13.174357,96.0
43968.0,-13.257158,96.0
44064.0,-14.163282,96.0
44160.0,-11.586549,96.0
44256.0,-12.97612,96.0
44352.0,-12.728144,96.0
44448.0,-13.286438,96.0
44544.0,-14.01917,96.0
44640.0,-11.056535,96.0
44736.0,-13.684919,96.0
44832.0,-13.196498,96.0
44928.0,-14.122857,96.0
45024.0,-13.654864,96.0
45120.0,-14.288263,96.0
45216.0,-13.296062,96.0
45312.0,-13.000703,96.0
45408.0,-14.281353,96.0
45504.0,-13.981503,96.0
45600.0,-13.119361,96.0
45696.0,-13.926739,96.0
45792.0,-13.915299,96.0
45888.0,-10.87499,96.0
45984.0,-12.181199,96.0
46080.0,-12.070823,96.0
46176.0,-12.817105,96.0
46272.0,-14.106062,96.0
46368.0,-14.037762,96.0
46464.0,-13.107644,96.0
46560.0,-14.188757,96.0
46656.0,-13.802199,96.0
46752.0,-12.038076,96.0
46848.0,-14.394809,96.0
46944.0,-13.782966,96.0
47040.0,-13.770751,96.0
47136.0,-14.296593,96.0
47232.0,-14.242069,96.0
47328.0,-13.304202,96.0
47424.0,-13.95401,96.0
47520.0,-13.027452,96.0
47616.0,-14.126231,96.0
47712.0,-12.908777,96.0
47808.0,-13.110565,96.0
47904.0,-14.469044,96.0
48000.0,-13.792226,96.0
48096.0,-12.823332,96.0
48192.0,-12.581085,96.0
48288.0,-13.532459,96.0
48384.0,-14.254199,96.0
48480.0,-13.436679,96.0
48576.0,-14.468507,96.0
48672.0,-14.262681,96.0
48768.0,-14.316776,96.0
48864.0,-13.778789,96.0
48960.0,-13.680667,96.0
49056.0,-13.489032,96.0
49152.0,-13.3366,96.0
49248.0,-14.106842,96.0
49344.0,-13.571566,96.0
49440.0,-13.546051,96.0
49536.0,-11.476636,96.0
49632.0,-14.651876,96.0
49728.0,-11.566207,96.0
49824.0,-14.066093,96.0
49920.0,-14.00999,96.0
50016.0,-13.179254,96.0
50112.0,-13.035301,96.0
50208.0,-13.679292,96.0
50304.0,-13.988001,96.0
50400.0,-12.683072,96.0
50496.0,-12.697588,96.0
50592.0,-14.278965,96.0
50688.0,-12.897279,96.0
50784.0,-13.890904,96.0
50880.0,-14.187204,96.0
50976.0,-14.219674,96.0
51072.0,-13.125702,96.0
51168.0,-13.282756,96.0
51264.0,-12.821712,96.0
51360.0,-14.382091,96.0
51456.0,-13.342333,96.0
51552.0,-14.422047,96.0
51648.0,-12.875557,96.0
51744.0,-14.27874,96.0
51840.0,-11.019306,96.0
51936.0,-12.323512,96.0
52032.0,-10.713201,96.0
52128.0,-13.775977,96.0
52224.0,-13.813366,96.0
52320.0,-14.122824,96.0
52416.0,-10.781807,96.0
52512.0,-14.022045,96.0
52608.0,-13.825467,96.0
52704.0,-13.805913,96.0
52800.0,-13.170334,96.0
52896.0,-12.836088,96.0
52992.0,-13.879817,96.0
53088.0,-14.078711,96.0
53184.0,-12.75253,96.0
53280.0,-13.86557,96.0
53376.0,-14.397548,96.0
53472.0,-13.346322,96.0
53568.0,-14.574045,96.0
53664.0,-13.428465,96.0
53760.0,-14.127051,96.0
53856.0,-14.042006,96.0
53952.0,-10.98146,96.0
54048.0,-14.28813,96.0
54144.0,-13.598398,96.0
54240.0,-14.321482,96.0
54336.0,-13.778294,96.0
54432.0,-14.116145,96.0
54528.0,-14.176982,96.0
54624.0,-13.161503,96.0
54720.0,-14.192634,96.0
54816.0,-14.38081,96.0
54912.0,-14.071407,96.0
55008.0,-12.791111,96.0
55104.0,-10.609591,96.0
55200.0,-11.326717,96.0
55296.0,-13.162127,96.0
55392.0,-14.433083,96.0
55488.0,-14.031944,96.0
55584.0,-14.146567,96.0
55680.0,-11.185485,96.0
55776.0,-10.214348,96.0
55872.0,-14.13516,96.0
55968.0,-11.573508,96.0
56064.0,-10.787708,96.0
56160.0,-14.246597,96.0
56256.0,-14.407306,96.0
56352.0,-13.090178,96.0
56448.0,-11.081617,96.0
56544.0,-14.097959,96.0
56640.0,-14.03961,96.0
56736.0,-12.615194,96.0
56832.0,-14.690296,96.0
56928.0,-13.864039,96.0
57024.0,-14.049708,96.0
57120.0,-12.597326,96.0
57216.0,-12.733665,96.0
57312.0,-14.213018,96.0
57408.0,-13.921654,96.0
57504.0,-13.59307,96.0
57600.0,-13.167385,96.0
57696.0,-13.589545,96.0
57792.0,-13.984962,96.0
57888.0,-13.386131,96.0
57984.0,-12.981479,96.0
58080.0,-14.014113,96.0
58176.0,-14.071615,96.0
58272.0,-12.379635,96.0
58368.0,-13.996328,96.0
58464.0,-13.800255,96.0
58560.0,-14.479523,96.0
58656.0,-14.144773,96.0
58752.0,-14.171617,96.0
58848.0,-13.965442,96.0
58944.0,-12.997989,96.0
59040.0,-13.228174,96.0
59136.0,-13.332131,96.0
59232.0,-14.093122,96.0
59328.0,-13.836956,96.0
59424.0,-10.803627,96.0
59520.0,-12.793083,96.0
59616.0,-14.411249,96.0
59712.0,-14.257985,96.0
59808.0,-13.209154,96.0
59904.0,-14.110108,96.0
60000.0,-13.877159,96.0
60096.0,-13.862309,96.0
60192.0,-12.33405,96.0
60288.0,-13.165299,96.0
60384.0,-14.399953,96.0
60480.0,-13.260963,96.0
60576.0,-13.411303,96.0
60672.0,-12.175398,96.0
60768.0,-14.402578,96.0
60864.0,-12.938707,96.0
60960.0,-13.58616,96.0
61056.0,-13.122819,96.0
61152.0,-13.827521,96.0
61248.0,-13.11348,96.0
61344.0,-13.533181,96.0
61440.0,-14.325697,96.0
61536.0,-12.366544,96.0
61632.0,-13.884936,96.0
61728.0,-14.329396,96.0
61824.0,-14.48834,96.0
61920.0,-13.756605,96.0
62016.0,-12.144323,96.0
62112.0,-14.311762,96.0
62208.0,-14.078088,96.0
62304.0,-13.405171,96.0
62400.0,-13.989033,96.0
62496.0,-14.213824,96.0
62592.0,-12.603244,96.0
62688.0,-14.002623,96.0
62784.0,-12.987551,96.0
62880.0,-14.490691,96.0
62976.0,-14.322599,96.0
63072.0,-13.710045,96.0
63168.0,-13.155273,96.0
63264.0,-11.206367,96.0
63360.0,-12.973024,96.0
63456.0,-13.791866,96.0
63552.0,-13.347471,96.0
63648.0,-11.010773,96.0
63744.0,-13.938317,96.0
63840.0,-14.103017,96.0
63936.0,-12.877373,96.0
64032.0,-14.349889,96.0
64128.0,-14.464803,96.0
64224.0,-14.171646,96.0
64320.0,-13.037309,96.0
64416.0,-14.588876,96.0
64512.0,-13.402669,96.0
64608.0,-13.271211,96.0
64704.0,-10.484654,96.0
64800.0,-14.161169,96.0
64896.0,-13.328626,96.0
64992.0,-13.95451,96.0
65088.0,-9.555344,96.0
65184.0,-14.080165,96.0
65280.0,-14.139754,96.0
65376.0,-13.046191,96.0
65472.0,-12.855792,96.0
65568.0,-13.473743,96.0
65664.0,-13.623615,96.0
65760.0,-13.435038,96.0
65856.0,-12.666145,96.0
65952.0,-14.03864,96.0
66048.0,-14.042029,96.0
66144.0,-14.387627,96.0
66240.0,-14.011626,96.0
66336.0,-13.734433,96.0
66432.0,-13.45036,96.0
66528.0,-14.373463,96.0
66624.0,-14.080565,96.0
66720.0,-10.126852,96.0
66816.0,-13.353959,96.0
66912.0,-13.033681,96.0
67008.0,-13.781587,96.0
67104.0,-10.733864,96.0
67200.0,-10.38399,96.0
67296.0,-13.936956,96.0
67392.0,-13.631633,96.0
67488.0,-13.333297,96.0
67584.0,-13.561092,96.0
67680.0,-12.968537,96.0
67776.0,-13.886705,96.0
67872.0,-11.297655,96.0
67968.0,-14.267345,96.0
68064.0,-13.983236,96.0
68160.0,-14.217099,96.0
68256.0,-13.041495,96.0
68352.0,-14.060692,96.0
68448.0,-13.386222,96.0
68544.0,-14.015014,96.0
68640.0,-14.143896,96.0
68736.0,-12.596495,96.0
68832.0,-13.928497,96.0
68928.0,-14.190448,96.0
69024.0,-13.81805,96.0
69120.0,-14.222911,96.0
69216.0,-12.762982,96.0
69312.0,-14.362323,96.0
69408.0,-13.941111,96.0
69504.0,-12.883504,96.0
69600.0,-13.870596,96.0
69696.0,-12.954271,96.0
69792.0,-13.016681,96.0
69888.0,-9.967936,96.0
69984.0,-14.088911,96.0
70080.0,-12.17089,96.0
70176.0,-13.312968,96.0
70272.0,-14.032953,96.0
70368.0,-14.211405,96.0
70464.0,-13.768836,96.0
70560.0,-13.951001,96.0
70656.0,-12.449039,96.0
70752.0,-13.323568,96.0
70848.0,-12.059144,96.0
70944.0,-13.382475,96.0
71040.0,-14.401571,96.0
71136.0,-13.625168,96.0
71232.0,-13.995583,96.0
71328.0,-13.187407,96.0
71424.0,-13.647444,96.0
71520.0,-13.41648,96.0
71616.0,-13.106737,96.0
71712.0,-14.297346,96.0
71808.0,-12.896886,96.0
71904.0,-12.80941,96.0
72000.0,-13.283539,96.0
72096.0,-13.450395,96.0
72192.0,-12.97503,96.0
72288.0,-9.60673,96.0
72384.0,-14.120256,96.0
72480.0,-14.387393,96.0
72576.0,-14.260817,96.0
72672.0,-13.409083,96.0
72768.0,-12.909446,96.0
72864.0,-12.877042,96.0
72960.0,-13.20985,96.0
73056.0,-13.849426,96.0
73152.0,-14.508992,96.0
73248.0,-14.345672,96.0
73344.0,-14.058618,96.0
73440.0,-13.091658,96.0
73536.0,-14.074078,96.0
73632.0,-13.376217,96.0
73728.0,-14.42672,96.0
73824.0,-12.836452,96.0
73920.0,-13.080514,96.0
74016.0,-12.672793,96.0
74112.0,-13.649738,96.0
74208.0,-11.048907,96.0
74304.0,-12.562455,96.0
74400.0,-13.967541,96.0
74496.0,-14.60259,96.0
74592.0,-13.856627,96.0
74688.0,-12.860528,96.0
74784.0,-13.690232,96.0
74880.0,-14.186749,96.0
74976.0,-14.603289,96.0
75072.0,-13.328293,96.0
75168.0,-12.931495,96.0
75264.0,-13.017456,96.0
75360.0,-14.368025,96.0
75456.0,-13.704873,96.0
75552.0,-11.183901,96.0
75648.0,-13.065669,96.0
75744.0,-14.368239,96.0
75840.0,-11.299485,96.0
75936.0,-10.531158,96.0
76032.0,-14.467052,96.0
76128.0,-12.970575,96.0
76224.0,-13.995057,96.0
76320.0,-14.176782,96.0
76416.0,-13.369437,96.0
76512.0,-13.808855,96.0
76608.0,-14.406769,96.0
76704.0,-12.902648,96.0
76800.0,-14.193354,96.0
76896.0,-11.376973,96.0
76992.0,-12.300325,96.0
77088.0,-13.870599,96.0
77184.0,-14.066019,96.0
77280.0,-13.219679,96.0
77376.0,-13.95091,96.0
77472.0,-14.371827,96.0
77568.0,-12.339225,96.0
77664.0,-13.544039,96.0
77760.0,-13.805074,96.0
77856.0,-11.126027,96.0
77952.0,-14.53075,96.0
78048.0,-13.165997,96.0
78144.0,-12.810804,96.0
78240.0,-14.008349,96.0
78336.0,-14.11434,96.0
78432.0,-11.135579,96.0
78528.0,-11.734271,96.0
78624.0,-12.277507,96.0
78720.0,-13.859803,96.0
78816.0,-10.881632,96.0
78912.0,-12.266424,96.0
79008.0,-12.899316,96.0
79104.0,-12.857712,96.0
79200.0,-14.211676,96.0
79296.0,-10.071667,96.0
79392.0,-13.129927,96.0
79488.0,-14.280706,96.0
79584.0,-14.44953,96.0
79680.0,-11.140904,96.0
79776.0,-14.470817,96.0
79872.0,-13.984796,96.0
79968.0,-14.434134,96.0
80064.0,-12.983542,96.0
80160.0,-14.3772,96.0
80256.0,-14.02921,96.0
80352.0,-13.435263,96.0
80448.0,-14.155053,96.0
80544.0,-11.645046,96.0
80640.0,-14.307395,96.0
80736.0,-12.967775,96.0
80832.0,-12.34791,96.0
80928.0,-14.338681,96.0
81024.0,-11.340876,96.0
81120.0,-11.054888,96.0
81216.0,-11.088715,96.0
81312.0,-13.364301,96.0
81408.0,-10.392631,96.0
81504.0,-13.740047,96.0
81600.0,-13.872211,96.0
81696.0,-13.998228,96.0
81792.0,-12.72627,96.0
81888.0,-13.579884,96.0
81984.0,-13.834266,96.0
82080.0,-12.849543,96.0
82176.0,-14.016278,96.0
82272.0,-14.424494,96.0
82368.0,-10.575922,96.0
82464.0,-12.502106,96.0
82560.0,-12.575053,96.0
82656.0,-13.863227,96.0
82752.0,-14.527525,96.0
82848.0,-13.07584,96.0
82944.0,-13.792571,96.0
83040.0,-13.998751,96.0
83136.0,-12.716925,96.0
83232.0,-13.716191,96.0
83328.0,-14.084853,96.0
83424.0,-14.388954,96.0
83520.0,-10.862331,96.0
83616.0,-14.453151,96.0
83712.0,-14.036753,96.0
83808.0,-12.879431,96.0
83904.0,-12.929249,96.0
84000.0,-12.804424,96.0
84096.0,-14.407839,96.0
84192.0,-14.260682,96.0
84288.0,-13.542736,96.0
84384.0,-14.383206,96.0
84480.0,-13.240875,96.0
84576.0,-9.61255,96.0
84672.0,-14.200242,96.0
84768.0,-14.465609,96.0
84864.0,-13.287085,96.0
84960.0,-13.457332,96.0
85056.0,-13.426952,96.0
85152.0,-10.594953,96.0
85248.0,-13.60924,96.0
85344.0,-11.171331,96.0
85440.0,-13.735931,96.0
85536.0,-11.166503,96.0
85632.0,-12.3048,96.0
85728.0,-14.036736,96.0
85824.0,-14.047397,96.0
85920.0,-13.299847,96.0
86016.0,-13.494006,96.0
86112.0,-14.321501,96.0
86208.0,-10.822195,96.0
86304.0,-11.562774,96.0
86400.0,-13.584056,96.0
86496.0,-10.972998,96.0
86592.0,-10.799178,96.0
86688.0,-14.314277,96.0
86784.0,-14.500418,96.0
86880.0,-14.449175,96.0
86976.0,-12.363393,96.0
87072.0,-14.067673,96.0
87168.0,-13.662314,96.0
87264.0,-13.182579,96.0
87360.0,-9.994422,96.0
87456.0,-13.844939,96.0
87552.0,-13.506783,96.0
87648.0,-13.137663,96.0
87744.0,-13.976232,96.0
87840.0,-13.837011,96.0
87936.0,-14.444986,96.0
88032.0,-14.335731,96.0
88128.0,-13.883607,96.0
88224.0,-13.331516,96.0
88320.0,-13.368986,96.0
88416.0,-14.515165,96.0
88512.0,-14.275876,96.0
88608.0,-14.389351,96.0
88704.0,-12.910907,96.0
88800.0,-14.298176,96.0
88896.0,-14.08744,96.0
88992.0,-14.291762,96.0
89088.0,-12.437221,96.0
89184.0,-14.098402,96.0
89280.0,-14.243353,96.0
89376.0,-14.097009,96.0
89472.0,-12.782924,96.0
89568.0,-13.437751,96.0
89664.0,-12.932195,96.0
89760.0,-14.223162,96.0
89856.0,-13.890173,96.0
89952.0,-13.175881,96.0
90048.0,-13.130987,96.0
90144.0,-14.196359,96.0
90240.0,-14.260955,96.0
90336.0,-12.987848,96.0
90432.0,-14.24632,96.0
90528.0,-13.876276,96.0
90624.0,-13.992111,96.0
90720.0,-12.896515,96.0
90816.0,-12.975424,96.0
90912.0,-14.17374,96.0
91008.0,-13.077683,96.0
91104.0,-14.231894,96.0
91200.0,-13.13047,96.0
91296.0,-10.265678,96.0
91392.0,-12.459848,96.0
91488.0,-13.434446,96.0
91584.0,-13.847146,96.0
91680.0,-13.964937,96.0
91776.0,-13.410545,96.0
91872.0,-14.296759,96.0
91968.0,-13.254802,96.0
92064.0,-13.964849,96.0
92160.0,-14.027754,96.0
92256.0,-13.358855,96.0
92352.0,-14.043324,96.0
92448.0,-14.139703,96.0
92544.0,-14.308984,96.0
92640.0,-14.461203,96.0
92736.0,-13.682182,96.0
92832.0,-14.075452,96.0
92928.0,-12.856319,96.0
93024.0,-14.12423,96.0
93120.0,-11.227983,96.0
93216.0,-12.962185,96.0
93312.0,-13.996267,96.0
93408.0,-14.229706,96.0
93504.0,-13.991296,96.0
93600.0,-13.187394,96.0
93696.0,-14.173031,96.0
93792.0,-10.451225,96.0
93888.0,-14.299182,96.0
93984.0,-13.216547,96.0
94080.0,-13.9782,96.0
94176.0,-13.746875,96.0
94272.0,-12.755574,96.0
94368.0,-14.384714,96.0
94464.0,-12.985324,96.0
94560.0,-13.589036,96.0
94656.0,-12.583263,96.0
94752.0,-13.50203,96.0
94848.0,-12.868265,96.0
94944.0,-14.473178,96.0
95040.0,-13.954824,96.0
95136.0,-12.465893,96.0
95232.0,-14.466256,96.0
95328.0,-14.055893,96.0
95424.0,-14.121653,96.0
95520.0,-14.340696,96.0
95616.0,-14.049587,96.0
95712.0,-14.336949,96.0
95808.0,-13.112369,96.0
95904.0,-13.475227,96.0
96000.0,-14.146897,96.0
96096.0,-13.445061,96.0
96192.0,-13.399831,96.0
96288.0,-14.388148,96.0
96384.0,-14.457257,96.0
96480.0,-12.938149,96.0
96576.0,-14.144243,96.0
96672.0,-14.038137,96.0
96768.0,-14.386092,96.0
96864.0,-13.369017,96.0
96960.0,-13.945145,96.0
97056.0,-13.743891,96.0
97152.0,-12.447922,96.0
97248.0,-14.450897,96.0
97344.0,-12.862717,96.0
97440.0,-13.928213,96.0
97536.0,-14.15817,96.0
97632.0,-12.911194,96.0
97728.0,-14.370901,96.0
97824.0,-11.166977,96.0
97920.0,-12.897427,96.0
98016.0,-10.840408,96.0
98112.0,-11.492505,96.0
98208.0,-14.361591,96.0
98304.0,-14.019405,96.0
98400.0,-13.922638,96.0
98496.0,-10.913472,96.0
98592.0,-9.507872,96.0
98688.0,-12.760089,96.0
98784.0,-13.876687,96.0
98880.0,-12.065726,96.0
98976.0,-14.319882,96.0
99072.0,-13.67147,96.0
99168.0,-13.417395,96.0
99264.0,-12.855443,96.0
99360.0,-11.47735,96.0
99456.0,-13.467161,96.0
99552.0,-14.714962,96.0
99648.0,-11.43929,96.0
99744.0,-14.300976,96.0
99840.0,-14.121449,96.0
99936.0,-12.453225,96.0
100032.0,-14.556254,96.0
100128.0,-14.129956,96.0
100224.0,-13.247239,96.0
100320.0,-12.404123,96.0
100416.0,-13.513322,96.0
100512.0,-13.933851,96.0
100608.0,-14.120557,96.0
100704.0,-12.389993,96.0
100800.0,-12.960901,96.0
100896.0,-14.304888,96.0
100992.0,-13.100204,96.0
101088.0,-14.439638,96.0
101184.0,-13.618154,96.0
101280.0,-9.853881,96.0
101376.0,-13.735702,96.0
101472.0,-14.474711,96.0
101568.0,-13.685894,96.0
101664.0,-13.805034,96.0
101760.0,-12.683266,96.0
101856.0,-13.885897,96.0
101952.0,-13.116585,96.0
102048.0,-12.916766,96.0
102144.0,-12.458206,96.0
102240.0,-13.382487,96.0
102336.0,-13.097075,96.0
102432.0,-14.463141,96.0
102528.0,-13.41648,96.0
102624.0,-12.103771,96.0
102720.0,-11.231754,96.0
102816.0,-12.887628,96.0
102912.0,-14.000621,96.0
103008.0,-13.523567,96.0
103104.0,-14.253047,96.0
103200.0,-14.064152,96.0
103296.0,-13.092237,96.0
103392.0,-12.323042,96.0
103488.0,-13.242668,96.0
103584.0,-14.038394,96.0
103680.0,-14.147923,96.0
103776.0,-14.093129,96.0
103872.0,-13.681351,96.0
103968.0,-13.714293,96.0
104064.0,-14.491512,96.0
104160.0,-14.028691,96.0
104256.0,-14.184112,96.0
104352.0,-12.721214,96.0
104448.0,-13.534958,96.0
104544.0,-12.725228,96.0
104640.0,-12.789219,96.0
104736.0,-14.463436,96.0
104832.0,-14.417485,96.0
104928.0,-14.039856,96.0
105024.0,-13.683219,96.0
105120.0,-12.169367,96.0
105216.0,-9.165735,96.0
105312.0,-14.171979,96.0
105408.0,-13.459124,96.0
105504.0,-11.083824,96.0
105600.0,-14.380975,96.0
105696.0,-14.435322,96.0
105792.0,-13.885773,96.0
105888.0,-14.073978,96.0
105984.0,-13.222099,96.0
106080.0,-12.496051,96.0
106176.0,-13.582523,96.0
106272.0,-14.318418,96.0
106368.0,-14.718607,96.0
106464.0,-13.926241,96.0
106560.0,-10.742358,96.0
106656.0,-13.028484,96.0
106752.0,-13.853192,96.0
106848.0,-13.589479,96.0
106944.0,-13.508963,96.0
107040.0,-13.6943,96.0
107136.0,-14.097089,96.0
107232.0,-13.689452,96.0
107328.0,-13.580525,96.0
107424.0,-13.286623,96.0
107520.0,-14.279968,96.0
107616.0,-11.368579,96.0
107712.0,-9.471985,96.0
107808.0,-13.779643,96.0
107904.0,-14.167846,96.0
108000.0,-14.13814,96.0
108096.0,-13.966293,96.0
108192.0,-14.361292,96.0
108288.0,-13.351112,96.0
108384.0,-14.389889,96.0
108480.0,-12.9133,96.0
108576.0,-14.12178,96.0
108672.0,-12.422419,96.0
108768.0,-13.365664,96.0
108864.0,-13.79258,96.0
108960.0,-13.4452,96.0
109056.0,-10.845668,96.0
109152.0,-13.344009,96.0
109248.0,-13.230645,96.0
109344.0,-13.473567,96.0
109440.0,-14.204462,96.0
109536.0,-14.591342,96.0
109632.0,-12.441092,96.0
109728.0,-14.392927,96.0
109824.0,-13.869034,96.0
109920.0,-12.211059,96.0
110016.0,-14.504785,96.0
110112.0,-14.247913,96.0
110208.0,-13.954133,96.0
110304.0,-13.158959,96.0
110400.0,-14.117327,96.0
110496.0,-13.26319,96.0
110592.0,-14.444935,96.0
110688.0,-14.077283,96.0
110784.0,-14.396683,96.0
110880.0,-12.402518,96.0
110976.0,-13.637227,96.0
111072.0,-13.033927,96.0
111168.0,-14.001102,96.0
111264.0,-13.085495,96.0
111360.0,-12.439694,96.0
111456.0,-13.563661,96.0
111552.0,-14.406969,96.0
111648.0,-13.897101,96.0
111744.0,-14.295775,96.0
111840.0,-13.89163,96.0
111936.0,-11.670428,96.0
112032.0,-11.219049,96.0
112128.0,-14.191459,96.0
112224.0,-13.821991,96.0
112320.0,-14.054822,96.0
112416.0,-13.262089,96.0
112512.0,-13.203181,96.0
112608.0,-13.467268,96.0
112704.0,-13.749954,96.0
112800.0,-11.389432,96.0
112896.0,-12.292896,96.0
112992.0,-12.926601,96.0
113088.0,-13.581752,96.0
113184.0,-13.567045,96.0
113280.0,-11.517378,96.0
113376.0,-13.688527,96.0
113472.0,-14.494974,96.0
113568.0,-12.840905,96.0
113664.0,-14.401683,96.0
113760.0,-13.857737,96.0
113856.0,-12.517293,96.0
113952.0,-12.878489,96.0
114048.0,-14.201422,96.0
114144.0,-13.923637,96.0
114240.0,-11.253653,96.0
114336.0,-14.181346,96.0
114432.0,-13.126769,96.0
114528.0,-13.589157,96.0
114624.0,-12.594238,96.0
114720.0,-14.182397,96.0
114816.0,-13.296662,96.0
114912.0,-12.284485,96.0
115008.0,-14.03758,96.0
115104.0,-12.83231,96.0
115200.0,-14.042377,96.0
115296.0,-14.59468,96.0
115392.0,-14.230801,96.0
115488.0,-13.805148,96.0
115584.0,-13.854848,96.0
115680.0,-12.720292,96.0
115776.0,-14.84429,96.0
115872.0,-13.929475,96.0
115968.0,-12.78782,96.0
116064.0,-12.766442,96.0
116160.0,-13.655185,96.0
116256.0,-14.257186,96.0
116352.0,-14.108934,96.0
116448.0,-14.362797,96.0
116544.0,-14.298183,96.0
116640.0,-10.899911,96.0
116736.0,-12.850085,96.0
116832.0,-14.342181,96.0
116928.0,-13.41578,96.0
117024.0,-13.531625,96.0
117120.0,-14.344842,96.0
117216.0,-12.842896,96.0
117312.0,-14.458412,96.0
117408.0,-13.5899,96.0
117504.0,-12.665594,96.0
117600.0,-14.043034,96.0
117696.0,-14.03544,96.0
117792.0,-11.777949,96.0
117888.0,-13.90213,96.0
117984.0,-13.462618,96.0
118080.0,-13.044379,96.0
118176.0,-13.864995,96.0
118272.0,-13.292877,96.0
118368.0,-14.032198,96.0
118464.0,-13.352704,96.0
118560.0,-13.27216,96.0
118656.0,-13.007062,96.0
118752.0,-11.327402,96.0
118848.0,-12.9583,96.0
118944.0,-13.067632,96.0
119040.0,-11.210367,96.0
119136.0,-14.286936,96.0
119232.0,-14.120301,96.0
119328.0,-13.650782,96.0
119424.0,-14.175301,96.0
119520.0,-14.587378,96.0
119616.0,-13.787138,96.0
119712.0,-14.482818,96.0
119808.0,-14.184251,96.0
119904.0,-12.440704,96.0
120000.0,-14.213459,96.0
120096.0,-14.046891,96.0
120192.0,-14.098252,96.0
120288.0,-11.055021,96.0
120384.0,-13.49189,96.0
120480.0,-12.842581,96.0
120576.0,-9.652352,96.0
120672.0,-14.233881,96.0
120768.0,-14.41274,96.0
120864.0,-14.224003,96.0
120960.0,-12.685749,96.0
121056.0,-13.834147,96.0
121152.0,-14.451362,96.0
121248.0,-14.326558,96.0
121344.0,-13.940076,96.0
121440.0,-13.881729,96.0
121536.0,-11.450865,96.0
121632.0,-10.905764,96.0
121728.0,-13.20887,96.0
121824.0,-14.588812,96.0
121920.0,-10.805767,96.0
122016.0,-13.427276,96.0
122112.0,-12.238443,96.0
122208.0,-14.376065,96.0
122304.0,-13.006695,96.0
122400.0,-13.950354,96.0
122496.0,-12.499112,96.0
122592.0,-12.309691,96.0
122688.0,-13.810747,96.0
122784.0,-11.306632,96.0
122880.0,-14.307504,96.0
122976.0,-13.490597,96.0
123072.0,-13.267099,96.0
123168.0,-13.879512,96.0
123264.0,-12.637232,96.0
123360.0,-12.834438,96.0
123456.0,-10.920686,96.0
123552.0,-14.741846,96.0
123648.0,-13.726598,96.0
123744.0,-11.402025,96.0
123840.0,-14.112036,96.0
123936.0,-13.800079,96.0
124032.0,-14.55991,96.0
124128.0,-14.271016,96.0
124224.0,-11.212197,96.0
124320.0,-14.576631,96.0
124416.0,-13.911669,96.0
124512.0,-13.680203,96.0
124608.0,-13.100816,96.0
124704.0,-14.444017,96.0
124800.0,-11.277505,96.0
124896.0,-13.651551,96.0
124992.0,-14.253652,96.0
125088.0,-12.735537,96.0
125184.0,-14.289173,96.0
125280.0,-13.395425,96.0
125376.0,-12.589368,96.0
125472.0,-13.369634,96.0
125568.0,-13.920501,96.0
125664.0,-14.242482,96.0
125760.0,-14.239408,96.0
125856.0,-14.125488,96.0
125952.0,-13.140538,96.0
126048.0,-14.018982,96.0
126144.0,-14.31741,96.0
126240.0,-14.79262,96.0
126336.0,-12.835803,96.0
126432.0,-12.414003,96.0
126528.0,-13.780702,96.0
126624.0,-14.43843,96.0
126720.0,-14.160765,96.0
126816.0,-12.825721,96.0
126912.0,-13.234921,96.0
127008.0,-14.407855,96.0
127104.0,-14.430833,96.0
127200.0,-14.339588,96.0
127296.0,-13.354745,96.0
127392.0,-13.149762,96.0
127488.0,-9.507158,96.0
127584.0,-12.974185,96.0
127680.0,-12.66416,96.0
127776.0,-14.504468,96.0
127872.0,-12.672759,96.0
127968.0,-13.799813,96.0
128064.0,-13.345737,96.0
128160.0,-14.295502,96.0
128256.0,-13.913474,96.0
128352.0,-13.376736,96.0
128448.0,-13.293593,96.0
128544.0,-13.974819,96.0
128640.0,-14.090452,96.0
128736.0,-14.231583,96.0
128832.0,-12.892322,96.0
128928.0,-13.090088,96.0
129024.0,-14.588163,96.0
129120.0,-13.353921,96.0
129216.0,-13.901273,96.0
129312.0,-14.406275,96.0
129408.0,-12.849219,96.0
129504.0,-13.472156,96.0
129600.0,-14.075718,96.0
129696.0,-11.002847,96.0
129792.0,-13.650894,96.0
129888.0,-14.407888,96.0
129984.0,-13.939747,96.0
130080.0,-14.353223,96.0
130176.0,-14.427489,96.0
130272.0,-12.765649,96.0
130368.0,-12.856643,96.0
130464.0,-11.479345,96.0
130560.0,-13.223008,96.0
130656.0,-9.305065,96.0
130752.0,-11.432408,96.0
130848.0,-13.243489,96.0
130944.0,-14.136036,96.0
131040.0,-14.419676,96.0
131136.0,-11.60572,96.0
131232.0,-12.335454,96.0
131328.0,-14.504065,96.0
131424.0,-13.621327,96.0
131520.0,-13.24056,96.0
131616.0,-14.671758,96.0
131712.0,-12.652906,96.0
131808.0,-14.408586,96.0
131904.0,-13.884689,96.0
132000.0,-14.452029,96.0
132096.0,-13.608436,96.0
132192.0,-13.633268,96.0
132288.0,-13.194058,96.0
132384.0,-14.349665,96.0
132480.0,-14.254209,96.0
132576.0,-14.090913,96.0
132672.0,-12.845489,96.0
132768.0,-13.158809,96.0
132864.0,-14.276305,96.0
132960.0,-13.164337,96.0
133056.0,-13.740972,96.0
133152.0,-14.176296,96.0
133248.0,-12.363222,96.0
133344.0,-14.228294,96.0
133440.0,-14.428681,96.0
133536.0,-12.403779,96.0
133632.0,-14.423719,96.0
133728.0,-14.008542,96.0
133824.0,-13.519759,96.0
133920.0,-14.220718,96.0
134016.0,-13.860919,96.0
134112.0,-13.982681,96.0
134208.0,-12.55661,96.0
134304.0,-11.31682,96.0
134400.0,-12.760668,96.0
134496.0,-14.458652,96.0
134592.0,-14.131788,96.0
134688.0,-12.736929,96.0
134784.0,-12.550428,96.0
134880.0,-13.825036,96.0
134976.0,-13.344069,96.0
135072.0,-13.18084,96.0
135168.0,-14.621147,96.0
135264.0,-11.165177,96.0
135360.0,-12.815429,96.0
135456.0,-10.995868,96.0
135552.0,-14.110705,96.0
135648.0,-14.123652,96.0
135744.0,-13.614395,96.0
135840.0,-13.564451,96.0
135936.0,-13.980755,96.0
136032.0,-13.316691,96.0
136128.0,-14.310957,96.0
136224.0,-14.459222,96.0
136320.0,-14.103166,96.0
136416.0,-14.528624,96.0
136512.0,-13.59492,96.0
136608.0,-13.724633,96.0
136704.0,-12.926228,96.0
136800.0,-13.382271,96.0
136896.0,-13.520869,96.0
136992.0,-12.581413,96.0
137088.0,-14.787345,96.0
137184.0,-13.871249,96.0
137280.0,-13.970177,96.0
137376.0,-13.880054,96.0
137472.0,-13.403703,96.0
137568.0,-13.610397,96.0
137664.0,-14.194965,96.0
137760.0,-12.690935,96.0
137856.0,-11.487119,96.0
137952.0,-13.889769,96.0
138048.0,-12.583907,96.0
138144.0,-12.795173,96.0
138240.0,-14.387528,96.0
138336.0,-13.990172,96.0
138432.0,-14.248294,96.0
138528.0,-14.13131,96.0
138624.0,-14.352981,96.0
138720.0,-12.739181,96.0
138816.0,-11.421043,96.0
138912.0,-14.00139,96.0
139008.0,-13.53054,96.0
139104.0,-13.438759,96.0
139200.0,-11.404388,96.0
139296.0,-13.370162,96.0
139392.0,-11.160652,96.0
139488.0,-10.638895,96.0
139584.0,-14.422376,96.0
139680.0,-14.336531,96.0
139776.0,-12.22118,96.0
139872.0,-13.821105,96.0
139968.0,-14.475709,96.0
140064.0,-13.766747,96.0
140160.0,-13.901827,96.0
140256.0,-13.720967,96.0
140352.0,-12.818638,96.0
140448.0,-11.048919,96.0
140544.0,-10.914628,96.0
140640.0,-14.145018,96.0
140736.0,-12.567382,96.0
140832.0,-13.249821,96.0
140928.0,-12.98063,96.0
141024.0,-14.101393,96.0
141120.0,-10.935232,96.0
141216.0,-14.370313,96.0
141312.0,-12.965827,96.0
141408.0,-14.458269,96.0
141504.0,-13.906182,96.0
141600.0,-14.230061,96.0
141696.0,-12.321734,96.0
141792.0,-14.244273,96.0
141888.0,-14.003512,96.0
141984.0,-13.943487,96.0
142080.0,-14.084932,96.0
142176.0,-13.544698,96.0
142272.0,-11.136134,96.0
142368.0,-13.220459,96.0
142464.0,-12.75276,96.0
142560.0,-14.220279,96.0
142656.0,-14.44268,96.0
142752.0,-12.947617,96.0
142848.0,-11.107952,96.0
142944.0,-12.675819,96.0
143040.0,-14.371287,96.0
143136.0,-13.322329,96.0
143232.0,-14.153067,96.0
143328.0,-11.09296,96.0
143424.0,-12.145463,96.0
143520.0,-14.126435,96.0
143616.0,-14.232273,96.0
143712.0,-14.430008,96.0
143808.0,-14.26606,96.0
143904.0,-13.999666,96.0
144000.0,-14.155074,96.0
144096.0,-14.352604,96.0
144192.0,-13.588819,96.0
144288.0,-14.103497,96.0
144384.0,-12.45281,96.0
144480.0,-14.112528,96.0
144576.0,-14.102567,96.0
144672.0,-13.869532,96.0
144768.0,-14.460262,96.0
144864.0,-14.372125,96.0
144960.0,-13.285211,96.0
145056.0,-12.143051,96.0
145152.0,-14.10506,96.0
145248.0,-13.452464,96.0
145344.0,-12.207552,96.0
145440.0,-14.500026,96.0
145536.0,-14.592586,96.0
145632.0,-14.522864,96.0
145728.0,-10.488176,96.0
145824.0,-14.354537,96.0
145920.0,-14.329002,96.0
146016.0,-14.251659,96.0
146112.0,-12.276833,96.0
146208.0,-13.583205,96.0
146304.0,-13.317624,96.0
146400.0,-13.988173,96.0
146496.0,-11.024995,96.0
146592.0,-12.816304,96.0
146688.0,-12.780349,96.0
146784.0,-11.286364,96.0
146880.0,-14.085053,96.0
146976.0,-10.023936,96.0
147072.0,-11.324805,96.0
147168.0,-14.289268,96.0
147264.0,-13.318636,96.0
147360.0,-13.732417,96.0
147456.0,-11.329714,96.0
147552.0,-13.489575,96.0
147648.0,-12.27204,96.0
147744.0,-12.460607,96.0
147840.0,-14.092308,96.0
147936.0,-13.992652,96.0
148032.0,-14.054128,96.0
148128.0,-10.112066,96.0
148224.0,-14.037617,96.0
148320.0,-14.05781,96.0
148416.0,-13.746213,96.0
148512.0,-13.197314,96.0
148608.0,-14.089371,96.0
148704.0,-14.367928,96.0
148800.0,-11.023749,96.0
148896.0,-12.870978,96.0
148992.0,-14.301323,96.0
149088.0,-14.386077,96.0
149184.0,-13.947139,96.0
149280.0,-14.365644,96.0
149376.0,-13.04619,96.0
149472.0,-14.258229,96.0
149568.0,-13.859689,96.0
149664.0,-13.648379,96.0
149760.0,-14.456689,96.0
149856.0,-13.292673,96.0
149952.0,-13.415436,96.0
150048.0,-14.376295,96.0
150144.0,-14.096283,96.0
150240.0,-14.423811,96.0
150336.0,-14.467257,96.0
150432.0,-13.885376,96.0
150528.0,-13.915515,96.0
150624.0,-14.508211,96.0
150720.0,-13.946541,96.0
150816.0,-9.183628,96.0
150912.0,-13.184416,96.0
151008.0,-13.404659,96.0
151104.0,-13.579659,96.0
151200.0,-13.268751,96.0
151296.0,-12.870776,96.0
151392.0,-14.371847,96.0
151488.0,-12.681434,96.0
151584.0,-12.916737,96.0
151680.0,-14.166065,96.0
151776.0,-13.397089,96.0
151872.0,-14.269317,96.0
151968.0,-13.905548,96.0
152064.0,-14.129746,96.0
152160.0,-13.308667,96.0
152256.0,-12.932529,96.0
152352.0,-14.0032,96.0
152448.0,-9.369766,96.0
152544.0,-14.410885,96.0
152640.0,-10.942053,96.0
152736.0,-13.346081,96.0
152832.0,-13.026239,96.0
152928.0,-12.997175,96.0
153024.0,-11.580644,96.0
153120.0,-12.836419,96.0
153216.0,-13.268962,96.0
153312.0,-12.348641,96.0
153408.0,-13.27223,96.0
153504.0,-13.930462,96.0
153600.0,-12.502696,96.0
153696.0,-12.38814,96.0
153792.0,-13.481511,96.0
153888.0,-14.101859,96.0
153984.0,-12.891778,96.0
154080.0,-13.029308,96.0
154176.0,-14.356677,96.0
154272.0,-13.178461,96.0
154368.0,-14.053547,96.0
154464.0,-13.778211,96.0
154560.0,-12.898469,96.0
154656.0,-14.084802,96.0
154752.0,-13.008386,96.0
154848.0,-12.631573,96.0
154944.0,-12.937889,96.0
155040.0,-11.164879,96.0
155136.0,-13.757914,96.0
155232.0,-13.551263,96.0
155328.0,-14.34698,96.0
155424.0,-12.995955,96.0
155520.0,-13.566959,96.0
155616.0,-13.878942,96.0
155712.0,-11.040463,96.0
155808.0,-14.380046,96.0
155904.0,-11.41598,96.0
156000.0,-14.558089,96.0
156096.0,-13.590715,96.0
156192.0,-14.366962,96.0
156288.0,-13.627251,96.0
156384.0,-13.186846,96.0
156480.0,-12.929004,96.0
156576.0,-14.321144,96.0
156672.0,-14.325364,96.0
156768.0,-10.055029,96.0
156864.0,-14.764948,96.0
156960.0,-14.166216,96.0
157056.0,-14.09828,96.0
157152.0,-13.361164,96.0
157248.0,-14.17244,96.0
157344.0,-13.608311,96.0
157440.0,-13.455668,96.0
157536.0,-13.136876,96.0
157632.0,-10.887893,96.0
157728.0,-14.435978,96.0
157824.0,-14.040451,96.0
157920.0,-12.988005,96.0
158016.0,-13.503771,96.0
158112.0,-12.663215,96.0
158208.0,-12.317745,96.0
158304.0,-14.301638,96.0
158400.0,-14.301244,96.0
158496.0,-13.463745,96.0
158592.0,-11.723568,96.0
158688.0,-10.865164,96.0
158784.0,-14.130012,96.0
158880.0,-13.525002,96.0
158976.0,-13.956545,96.0
159072.0,-13.957795,96.0
159168.0,-14.565206,96.0
159264.0,-14.171312,96.0
159360.0,-13.47327,96.0
159456.0,-13.839743,96.0
159552.0,-13.471246,96.0
159648.0,-13.432267,96.0
159744.0,-14.53748,96.0
159840.0,-14.356226,96.0
159936.0,-14.230551,96.0
160032.0,-13.330319,96.0
160128.0,-13.239672,96.0
160224.0,-14.277889,96.0
160320.0,-13.284197,96.0
160416.0,-14.084443,96.0
160512.0,-13.980179,96.0
160608.0,-13.881448,96.0
160704.0,-13.442276,96.0
160800.0,-12.733946,96.0
160896.0,-13.947982,96.0
160992.0,-13.344384,96.0
161088.0,-13.915917,96.0
161184.0,-14.32329,96.0
161280.0,-13.955129,96.0
161376.0,-14.039303,96.0
161472.0,-11.563112,96.0
161568.0,-11.516236,96.0
161664.0,-13.298288,96.0
161760.0,-13.274541,96.0
161856.0,-14.043283,96.0
161952.0,-13.850971,96.0
162048.0,-14.173205,96.0
162144.0,-13.970181,96.0
162240.0,-10.502259,96.0
162336.0,-13.842808,96.0
162432.0,-14.284743,96.0
162528.0,-12.33576,96.0
162624.0,-14.016314,96.0
162720.0,-12.815133,96.0
162816.0,-13.321173,96.0
162912.0,-13.907418,96.0
163008.0,-13.279977,96.0
163104.0,-13.108318,96.0
163200.0,-13.61134,96.0
163296.0,-13.824258,96.0
163392.0,-13.854438,96.0
163488.0,-13.375401,96.0
163584.0,-14.106329,96.0
163680.0,-14.235072,96.0
163776.0,-14.528745,96.0
163872.0,-13.959727,96.0
163968.0,-13.974497,96.0
164064.0,-14.242379,96.0
164160.0,-14.245115,96.0
164256.0,-12.603738,96.0
164352.0,-13.985131,96.0
164448.0,-14.607477,96.0
164544.0,-13.24828,96.0
164640.0,-13.289713,96.0
164736.0,-14.62509,96.0
164832.0,-13.290573,96.0
164928.0,-12.949093,96.0
165024.0,-14.212689,96.0
165120.0,-13.878375,96.0
165216.0,-9.831039,96.0
165312.0,-13.577552,96.0
165408.0,-12.678148,96.0
165504.0,-13.447876,96.0
165600.0,-14.283824,96.0
165696.0,-14.029787,96.0
165792.0,-14.585841,96.0
165888.0,-13.98418,96.0
165984.0,-14.442149,96.0
166080.0,-11.65013,96.0
166176.0,-14.070569,96.0
166272.0,-14.856226,96.0
166368.0,-12.867683,96.0
166464.0,-14.337477,96.0
166560.0,-14.473405,96.0
166656.0,-12.845818,96.0
166752.0,-14.36637,96.0
166848.0,-11.095778,96.0
166944.0,-11.055564,96.0
167040.0,-14.262825,96.0
167136.0,-14.18248,96.0
167232.0,-13.479203,96.0
167328.0,-14.555051,96.0
167424.0,-11.651364,96.0
167520.0,-14.075579,96.0
167616.0,-14.138468,96.0
167712.0,-13.711663,96.0
167808.0,-13.046246,96.0
167904.0,-12.992805,96.0
168000.0,-13.039531,96.0
168096.0,-14.406769,96.0
168192.0,-14.478756,96.0
168288.0,-13.706646,96.0
168384.0,-14.081986,96.0
168480.0,-14.06829,96.0
168576.0,-12.74176,96.0
168672.0,-13.248831,96.0
168768.0,-13.580918,96.0
168864.0,-14.217211,96.0
168960.0,-13.844561,96.0
169056.0,-13.033142,96.0
169152.0,-14.114433,96.0
169248.0,-11.594905,96.0
169344.0,-14.105282,96.0
169440.0,-14.55756,96.0
169536.0,-14.1369,96.0
169632.0,-14.491579,96.0
169728.0,-14.003486,96.0
169824.0,-11.915148,96.0
169920.0,-13.938253,96.0
170016.0,-12.376039,96.0
170112.0,-13.145778,96.0
170208.0,-13.086668,96.0
170304.0,-13.903037,96.0
170400.0,-13.92782,96.0
170496.0,-13.004261,96.0
170592.0,-12.175533,96.0
170688.0,-13.142924,96.0
170784.0,-12.603025,96.0
170880.0,-13.29597,96.0
170976.0,-11.010096,96.0
171072.0,-12.425727,96.0
171168.0,-11.798305,96.0
171264.0,-14.445299,96.0
171360.0,-13.473812,96.0
171456.0,-14.302819,96.0
171552.0,-14.24031,96.0
171648.0,-11.109287,96.0
171744.0,-13.932918,96.0
171840.0,-13.359,96.0
171936.0,-13.528349,96.0
172032.0,-14.616848,96.0
172128.0,-12.863721,96.0
172224.0,-13.162852,96.0
172320.0,-14.353793,96.0
172416.0,-14.013398,96.0
172512.0,-14.370324,96.0
172608.0,-13.43945,96.0
172704.0,-14.324538,96.0
172800.0,-14.094049,96.0
172896.0,-10.640048,96.0
172992.0,-13.958106,96.0
173088.0,-14.395078,96.0
173184.0,-13.516173,96.0
173280.0,-12.905634,96.0
173376.0,-10.944613,96.0
173472.0,-11.464222,96.0
173568.0,-14.511809,96.0
173664.0,-10.04692,96.0
173760.0,-13.651047,96.0
173856.0,-14.480375,96.0
173952.0,-12.800753,96.0
174048.0,-12.875876,96.0
174144.0,-14.382246,96.0
174240.0,-14.506798,96.0
174336.0,-12.617863,96.0
174432.0,-13.742952,96.0
174528.0,-13.815995,96.0
174624.0,-12.895011,96.0
174720.0,-13.473558,96.0
174816.0,-12.893271,96.0
174912.0,-13.943494,96.0
175008.0,-12.474135,96.0
175104.0,-14.590146,96.0
175200.0,-13.866869,96.0
175296.0,-14.680882,96.0
175392.0,-11.74769,96.0
175488.0,-13.956338,96.0
175584.0,-13.503785,96.0
175680.0,-14.07667,96.0
175776.0,-13.256161,96.0
175872.0,-14.541143,96.0
175968.0,-13.644269,96.0
176064.0,-11.812859,96.0
176160.0,-14.231312,96.0
176256.0,-12.945178,96.0
176352.0,-13.900229,96.0
176448.0,-12.458197,96.0
176544.0,-14.313794,96.0
176640.0,-14.457469,96.0
176736.0,-13.774022,96.0
176832.0,-10.879323,96.0
176928.0,-13.677436,96.0
177024.0,-14.053643,96.0
177120.0,-13.573298,96.0
177216.0,-13.687765,96.0
177312.0,-14.353842,96.0
177408.0,-14.344603,96.0
177504.0,-13.983998,96.0
177600.0,-13.25425,96.0
177696.0,-9.569643,96.0
177792.0,-13.497938,96.0
177888.0,-14.541962,96.0
177984.0,-12.899402,96.0
178080.0,-11.851972,96.0
178176.0,-14.163353,96.0
178272.0,-13.203767,96.0
178368.0,-13.583345,96.0
178464.0,-14.262836,96.0
178560.0,-13.417548,96.0
178656.0,-13.539078,96.0
178752.0,-13.329804,96.0
178848.0,-13.978536,96.0
178944.0,-13.397528,96.0
179040.0,-14.228545,96.0
179136.0,-14.238734,96.0
179232.0,-12.562134,96.0
179328.0,-13.778453,96.0
179424.0,-11.419176,96.0
179520.0,-13.840195,96.0
179616.0,-11.176359,96.0
179712.0,-13.986703,96.0
179808.0,-13.865935,96.0
179904.0,-13.897636,96.0
180000.0,-14.103928,96.0
180096.0,-13.106254,96.0
180192.0,-13.894181,96.0
180288.0,-14.241907,96.0
180384.0,-13.300851,96.0
180480.0,-11.323163,96.0
180576.0,-12.977935,96.0
180672.0,-13.857053,96.0
180768.0,-13.864349,96.0
180864.0,-14.029996,96.0
180960.0,-13.691482,96.0
181056.0,-13.718653,96.0
181152.0,-12.656954,96.0
181248.0,-14.094583,96.0
181344.0,-11.16016,96.0
181440.0,-14.539356,96.0
181536.0,-13.5277,96.0
181632.0,-14.608583,96.0
181728.0,-14.606479,96.0
181824.0,-12.418474,96.0
181920.0,-13.086368,96.0
182016.0,-14.132717,96.0
182112.0,-14.595088,96.0
182208.0,-14.635181,96.0
182304.0,-13.64478,96.0
182400.0,-12.512825,96.0
182496.0,-14.1934,96.0
182592.0,-14.354338,96.0
182688.0,-13.097168,96.0
182784.0,-14.503821,96.0
182880.0,-12.197411,96.0
182976.0,-14.321042,96.0
183072.0,-13.359383,96.0
183168.0,-12.924928,96.0
183264.0,-11.352003,96.0
183360.0,-13.972462,96.0
183456.0,-11.167009,96.0
183552.0,-14.41997,96.0
183648.0,-11.088021,96.0
183744.0,-14.015715,96.0
183840.0,-12.130118,96.0
183936.0,-13.898301,96.0
184032.0,-12.837982,96.0
184128.0,-14.18503,96.0
184224.0,-14.500349,96.0
184320.0,-14.476992,96.0
184416.0,-13.907118,96.0
184512.0,-14.09491,96.0
184608.0,-14.18643,96.0
184704.0,-14.441011,96.0
184800.0,-13.18468,96.0
184896.0,-13.168847,96.0
184992.0,-13.06324,96.0
185088.0,-12.834674,96.0
185184.0,-13.659733,96.0
185280.0,-14.629,96.0
185376.0,-9.952719,96.0
185472.0,-14.508585,96.0
185568.0,-14.2424,96.0
185664.0,-14.549736,96.0
185760.0,-12.998616,96.0
185856.0,-13.152666,96.0
185952.0,-13.286383,96.0
186048.0,-14.456623,96.0
186144.0,-13.69722,96.0
186240.0,-14.058551,96.0
186336.0,-13.052323,96.0
186432.0,-13.545585,96.0
186528.0,-14.618787,96.0
186624.0,-11.420315,96.0
186720.0,-12.981914,96.0
186816.0,-13.022974,96.0
186912.0,-13.438886,96.0
187008.0,-13.973653,96.0
187104.0,-11.190646,96.0
187200.0,-12.603103,96.0
187296.0,-13.849295,96.0
187392.0,-13.712298,96.0
187488.0,-11.310962,96.0
187584.0,-14.293015,96.0
187680.0,-14.124233,96.0
187776.0,-14.362907,96.0
187872.0,-14.550159,96.0
187968.0,-14.259476,96.0
188064.0,-12.340973,96.0
188160.0,-13.3817,96.0
188256.0,-14.274113,96.0
188352.0,-13.635916,96.0
188448.0,-13.04031,96.0
188544.0,-13.659183,96.0
188640.0,-13.63446,96.0
188736.0,-13.672937,96.0
188832.0,-13.362204,96.0
188928.0,-13.978231,96.0
189024.0,-14.188726,96.0
189120.0,-13.463271,96.0
189216.0,-14.293471,96.0
189312.0,-14.165744,96.0
189408.0,-13.165139,96.0
189504.0,-12.595421,96.0
189600.0,-14.405177,96.0
189696.0,-11.032191,96.0
189792.0,-14.364731,96.0
189888.0,-12.648783,96.0
189984.0,-10.903151,96.0
190080.0,-13.472307,96.0
190176.0,-12.404372,96.0
190272.0,-14.275305,96.0
190368.0,-10.958482,96.0
190464.0,-13.323817,96.0
190560.0,-13.415812,96.0
190656.0,-13.521695,96.0
190752.0,-14.118407,96.0
190848.0,-14.206101,96.0
190944.0,-14.156207,96.0
191040.0,-14.400229,96.0
191136.0,-14.309229,96.0
191232.0,-14.398085,96.0
191328.0,-12.947743,96.0
191424.0,-13.388333,96.0
191520.0,-13.442512,96.0
191616.0,-11.325309,96.0
191712.0,-14.556071,96.0
191808.0,-13.594337,96.0
191904.0,-12.89622,96.0
192000.0,-12.929672,96.0
192096.0,-14.631401,96.0
192192.0,-11.713758,96.0
192288.0,-14.28087,96.0
192384.0,-14.520703,96.0
192480.0,-12.896253,96.0
192576.0,-12.945551,96.0
192672.0,-14.462473,96.0
192768.0,-13.47876,96.0
192864.0,-14.094247,96.0
192960.0,-13.295153,96.0
193056.0,-14.38012,96.0
193152.0,-13.846903,96.0
193248.0,-13.442408,96.0
193344.0,-14.238214,96.0
193440.0,-13.07957,96.0
193536.0,-12.849692,96.0
193632.0,-14.213164,96.0
193728.0,-13.49503,96.0
193824.0,-12.899265,96.0
193920.0,-14.43084,96.0
194016.0,-12.449315,96.0
194112.0,-12.408733,96.0
194208.0,-12.372543,96.0
194304.0,-14.277429,96.0
194400.0,-11.410761,96.0
194496.0,-13.927476,96.0
194592.0,-13.523039,96.0
194688.0,-14.672131,96.0
194784.0,-14.377717,96.0
194880.0,-12.635366,96.0
194976.0,-14.38568,96.0
195072.0,-13.993335,96.0
195168.0,-10.161108,96.0
195264.0,-13.222059,96.0
195360.0,-13.824381,96.0
195456.0,-14.080025,96.0
195552.0,-13.587963,96.0
195648.0,-11.478077,96.0
195744.0,-13.754685,96.0
195840.0,-14.463129,96.0
195936.0,-13.145822,96.0
196032.0,-14.150423,96.0
196128.0,-13.558319,96.0
196224.0,-13.456709,96.0
196320.0,-13.220413,96.0
196416.0,-13.687802,96.0
196512.0,-14.507818,96.0
196608.0,-14.311651,96.0
196704.0,-13.331817,96.0
196800.0,-12.394344,96.0
196896.0,-13.758923,96.0
196992.0,-12.488554,96.0
197088.0,-13.236906,96.0
197184.0,-14.305218,96.0
197280.0,-12.5746,96.0
197376.0,-13.42187,96.0
197472.0,-13.389276,96.0
197568.0,-13.352642,96.0
197664.0,-14.149382,96.0
197760.0,-14.370139,96.0
197856.0,-14.242149,96.0
197952.0,-14.140665,96.0
198048.0,-13.423642,96.0
198144.0,-12.842708,96.0
198240.0,-13.789457,96.0
198336.0,-14.285692,96.0
198432.0,-13.513176,96.0
198528.0,-14.738727,96.0
198624.0,-12.31074,96.0
198720.0,-13.904594,96.0
198816.0,-13.445579,96.0
198912.0,-13.194078,96.0
199008.0,-14.244831,96.0
199104.0,-12.696764,96.0
199200.0,-12.943605,96.0
199296.0,-14.131437,96.0
199392.0,-14.217616,96.0
199488.0,-14.45186,96.0
199584.0,-13.508353,96.0
199680.0,-13.018036,96.0
199776.0,-14.19754,96.0
199872.0,-10.175997,96.0
199968.0,-12.537458,96.0
200064.0,-12.570448,96.0
200160.0,-13.128181,96.0
200256.0,-12.453615,96.0
200352.0,-13.50895,96.0
200448.0,-12.427533,96.0
200544.0,-12.654887,96.0
200640.0,-11.559646,96.0
200736.0,-14.439377,96.0
200832.0,-12.344719,96.0
200928.0,-13.034019,96.0
201024.0,-14.159128,96.0
201120.0,-13.043797,96.0
201216.0,-14.206002,96.0
201312.0,-13.906214,96.0
201408.0,-14.459376,96.0
201504.0,-13.32671,96.0
201600.0,-14.624178,96.0
201696.0,-13.817774,96.0
201792.0,-12.530424,96.0
201888.0,-13.740718,96.0
201984.0,-13.026164,96.0
202080.0,-14.612489,96.0
202176.0,-13.388412,96.0
202272.0,-14.031624,96.0
202368.0,-12.912513,96.0
202464.0,-13.010417,96.0
202560.0,-12.767477,96.0
202656.0,-12.841509,96.0
202752.0,-12.86091,96.0
202848.0,-13.96825,96.0
202944.0,-14.249683,96.0
203040.0,-13.546774,96.0
203136.0,-14.102225,96.0
203232.0,-13.612224,96.0
203328.0,-14.416234,96.0
203424.0,-14.452462,96.0
203520.0,-12.84261,96.0
203616.0,-13.918195,96.0
203712.0,-14.713315,96.0
203808.0,-13.625387,96.0
203904.0,-13.473723,96.0
204000.0,-13.599865,96.0
204096.0,-13.519448,96.0
204192.0,-12.718637,96.0
204288.0,-14.141982,96.0
204384.0,-11.888008,96.0
204480.0,-12.636683,96.0
204576.0,-12.853839,96.0
204672.0,-14.433137,96.0
204768.0,-13.944752,96.0
204864.0,-14.358192,96.0
204960.0,-14.5023,96.0
205056.0,-13.241613,96.0
205152.0,-14.435587,96.0
205248.0,-11.651798,96.0
205344.0,-14.323027,96.0
205440.0,-14.421852,96.0
205536.0,-12.853027,96.0
205632.0,-14.628519,96.0
205728.0,-13.529984,96.0
205824.0,-13.390325,96.0
205920.0,-13.202146,96.0
206016.0,-14.366666,96.0
206112.0,-13.898606,96.0
206208.0,-14.185988,96.0
206304.0,-14.03605,96.0
206400.0,-14.347385,96.0
206496.0,-12.265572,96.0
206592.0,-12.523416,96.0
206688.0,-14.585084,96.0
206784.0,-14.389733,96.0
206880.0,-12.573907,96.0
206976.0,-14.261793,96.0
207072.0,-14.317508,96.0
207168.0,-13.234318,96.0
207264.0,-13.612076,96.0
207360.0,-12.294401,96.0
207456.0,-13.629809,96.0
207552.0,-14.424935,96.0
207648.0,-14.347861,96.0
207744.0,-13.931297,96.0
207840.0,-14.55659,96.0
207936.0,-14.419556,96.0
208032.0,-13.031281,96.0
208128.0,-14.080287,96.0
208224.0,-14.169759,96.0
208320.0,-14.279697,96.0
208416.0,-11.40291,96.0
208512.0,-13.726594,96.0
208608.0,-13.771466,96.0
208704.0,-13.951583,96.0
208800.0,-13.793118,96.0
208896.0,-14.148161,96.0
208992.0,-11.715665,96.0
209088.0,-14.641394,96.0
209184.0,-14.155365,96.0
209280.0,-14.511968,96.0
209376.0,-12.863615,96.0
209472.0,-14.082705,96.0
209568.0,-13.84207,96.0
209664.0,-13.498074,96.0
209760.0,-13.290245,96.0
209856.0,-13.136429,96.0
209952.0,-12.637038,96.0
210048.0,-13.48046,96.0
210144.0,-14.239842,96.0
210240.0,-13.690374,96.0
210336.0,-13.146809,96.0
210432.0,-14.149604,96.0
210528.0,-12.885078,96.0
210624.0,-14.374917,96.0
210720.0,-12.360481,96.0
210816.0,-13.766175,96.0
210912.0,-13.294834,96.0
211008.0,-14.569961,96.0
211104.0,-14.171257,96.0
211200.0,-13.467095,96.0
211296.0,-13.302743,96.0
211392.0,-11.44994,96.0
211488.0,-11.557739,96.0
211584.0,-12.389815,96.0
211680.0,-14.53124,96.0
211776.0,-12.796048,96.0
211872.0,-12.985191,96.0
211968.0,-14.173932,96.0
212064.0,-13.813071,96.0
212160.0,-12.913008,96.0
212256.0,-12.823479,96.0
212352.0,-14.084545,96.0
212448.0,-13.904256,96.0
212544.0,-13.121548,96.0
212640.0,-13.068338,96.0
212736.0,-13.385494,96.0
212832.0,-14.518873,96.0
212928.0,-13.942138,96.0
213024.0,-12.965831,96.0
213120.0,-13.606418,96.0
213216.0,-14.154313,96.0
213312.0,-13.495382,96.0
213408.0,-11.795454,96.0
213504.0,-13.770857,96.0
213600.0,-14.354247,96.0
213696.0,-13.97828,96.0
213792.0,-14.690997,96.0
213888.0,-14.342287,96.0
213984.0,-13.14663,96.0
214080.0,-14.149219,96.0
214176.0,-13.270406,96.0
214272.0,-11.750126,96.0
214368.0,-13.992143,96.0
214464.0,-12.990335,96.0
214560.0,-13.685141,96.0
214656.0,-13.914145,96.0
214752.0,-14.236649,96.0
214848.0,-13.859851,96.0
214944.0,-14.148446,96.0
215040.0,-14.568155,96.0
215136.0,-14.356631,96.0
215232.0,-12.454738,96.0
215328.0,-14.569697,96.0
215424.0,-12.811088,96.0
215520.0,-12.468226,96.0
215616.0,-14.260207,96.0
215712.0,-14.515597,96.0
215808.0,-14.02961,96.0
215904.0,-13.445689,96.0
216000.0,-13.870831,96.0
216096.0,-14.412505,96.0
216192.0,-14.440769,96.0
216288.0,-14.267646,96.0
216384.0,-14.418193,96.0
216480.0,-13.506671,96.0
216576.0,-13.411086,96.0
216672.0,-13.134025,96.0
216768.0,-12.758116,96.0
216864.0,-11.255105,96.0
216960.0,-13.634101,96.0
217056.0,-11.630543,96.0
217152.0,-14.010689,96.0
217248.0,-11.393632,96.0
217344.0,-13.87782,96.0
217440.0,-11.854063,96.0
217536.0,-10.695086,96.0
217632.0,-13.378256,96.0
217728.0,-13.45723,96.0
217824.0,-13.089605,96.0
217920.0,-14.25731,96.0
218016.0,-12.61619,96.0
218112.0,-12.781594,96.0
218208.0,-13.377888,96.0
218304.0,-14.382055,96.0
218400.0,-13.930604,96.0
218496.0,-13.80543,96.0
218592.0,-14.027969,96.0
218688.0,-11.088141,96.0
218784.0,-13.391123,96.0
218880.0,-12.789033,96.0
218976.0,-14.133964,96.0
219072.0,-13.394799,96.0
219168.0,-12.485863,96.0
219264.0,-14.088013,96.0
219360.0,-13.285268,96.0
219456.0,-14.245198,96.0
219552.0,-14.877371,96.0
219648.0,-13.966417,96.0
219744.0,-14.06592,96.0
219840.0,-14.153156,96.0
219936.0,-14.012244,96.0
220032.0,-12.646305,96.0
220128.0,-13.799142,96.0
220224.0,-13.416933,96.0
220320.0,-12.75066,96.0
220416.0,-12.771812,96.0
220512.0,-13.46555,96.0
220608.0,-14.224911,96.0
220704.0,-14.378021,96.0
220800.0,-14.160331,96.0
220896.0,-13.864534,96.0
220992.0,-12.99564,96.0
221088.0,-14.073409,96.0
221184.0,-14.688558,96.0
221280.0,-13.915939,96.0
221376.0,-10.70247,96.0
221472.0,-12.436811,96.0
221568.0,-13.500736,96.0
221664.0,-12.662278,96.0
221760.0,-14.292914,96.0
221856.0,-12.902999,96.0
221952.0,-11.8758,96.0
222048.0,-14.291515,96.0
222144.0,-10.909778,96.0
222240.0,-14.296525,96.0
222336.0,-11.236426,96.0
222432.0,-9.900863,96.0
222528.0,-14.387421,96.0
222624.0,-14.106487,96.0
222720.0,-13.940521,96.0
222816.0,-11.017824,96.0
222912.0,-11.768135,96.0
223008.0,-12.422949,96.0
223104.0,-12.790889,96.0
223200.0,-13.513987,96.0
223296.0,-14.156333,96.0
223392.0,-12.619713,96.0
223488.0,-13.515684,96.0
223584.0,-11.558892,96.0
223680.0,-13.032083,96.0
223776.0,-12.065687,96.0
223872.0,-14.536227,96.0
223968.0,-13.807304,96.0
224064.0,-14.033057,96.0
224160.0,-14.59144,96.0
224256.0,-14.303896,96.0
224352.0,-14.515383,96.0
224448.0,-13.638988,96.0
224544.0,-11.225695,96.0
224640.0,-10.424692,96.0
224736.0,-13.860843,96.0
224832.0,-14.208256,96.0
224928.0,-14.414026,96.0
225024.0,-13.490439,96.0
225120.0,-13.762487,96.0
225216.0,-13.539983,96.0
225312.0,-12.300111,96.0
225408.0,-13.448203,96.0
225504.0,-14.113255,96.0
225600.0,-14.454645,96.0
225696.0,-14.318816,96.0
225792.0,-13.228471,96.0
225888.0,-12.674975,96.0
225984.0,-14.252405,96.0
226080.0,-12.725022,96.0
226176.0,-13.317069,96.0
226272.0,-14.157449,96.0
226368.0,-14.287247,96.0
226464.0,-14.17472,96.0
226560.0,-14.055793,96.0
226656.0,-13.016159,96.0
226752.0,-13.33683,96.0
226848.0,-13.667742,96.0
226944.0,-13.086648,96.0
227040.0,-13.897514,96.0
227136.0,-9.658076,96.0
227232.0,-12.35392,96.0
227328.0,-14.052256,96.0
227424.0,-13.06046,96.0
227520.0,-13.942793,96.0
227616.0,-11.259334,96.0
227712.0,-14.063067,96.0
227808.0,-11.46542,96.0
227904.0,-14.297829,96.0
228000.0,-12.964934,96.0
228096.0,-13.682753,96.0
228192.0,-14.379275,96.0
228288.0,-12.917002,96.0
228384.0,-13.791614,96.0
228480.0,-12.734809,96.0
228576.0,-13.726468,96.0
228672.0,-14.533406,96.0
228768.0,-14.249564,96.0
228864.0,-13.874382,96.0
228960.0,-13.642635,96.0
229056.0,-14.689,96.0
229152.0,-14.745635,96.0
229248.0,-14.438786,96.0
229344.0,-14.433871,96.0
229440.0,-14.611395,96.0
229536.0,-14.542631,96.0
229632.0,-13.693702,96.0
229728.0,-13.7283,96.0
229824.0,-14.344896,96.0
229920.0,-13.987873,96.0
230016.0,-12.634852,96.0
230112.0,-14.216063,96.0
230208.0,-13.24205,96.0
230304.0,-13.914842,96.0
230400.0,-13.435287,96.0
230496.0,-11.345685,96.0
230592.0,-13.991007,96.0
230688.0,-13.602592,96.0
230784.0,-14.47007,96.0
230880.0,-13.079644,96.0
230976.0,-14.216601,96.0
231072.0,-13.42537,96.0
231168.0,-12.480289,96.0
231264.0,-14.308622,96.0
231360.0,-11.723886,96.0
231456.0,-14.449281,96.0
231552.0,-11.309771,96.0
231648.0,-14.556705,96.0
231744.0,-14.075562,96.0
231840.0,-13.340058,96.0
231936.0,-14.431476,96.0
232032.0,-13.925784,96.0
232128.0,-13.670203,96.0
232224.0,-13.09434,96.0
232320.0,-14.1067,96.0
232416.0,-13.594244,96.0
232512.0,-13.680693,96.0
232608.0,-11.565927,96.0
232704.0,-14.136695,96.0
232800.0,-13.262824,96.0
232896.0,-14.193884,96.0
232992.0,-13.329946,96.0
233088.0,-13.276363,96.0
233184.0,-13.488274,96.0
233280.0,-13.785817,96.0
233376.0,-13.161013,96.0
233472.0,-13.99751,96.0
233568.0,-12.967792,96.0
233664.0,-12.992004,96.0
233760.0,-14.479599,96.0
233856.0,-13.96386,96.0
233952.0,-13.44849,96.0
234048.0,-13.138703,96.0
234144.0,-14.029977,96.0
234240.0,-12.16336,96.0
234336.0,-13.140685,96.0
234432.0,-11.40712,96.0
234528.0,-11.860009,96.0
234624.0,-14.306464,96.0
234720.0,-14.235872,96.0
234816.0,-14.314952,96.0
234912.0,-13.890498,96.0
235008.0,-13.377501,96.0
235104.0,-14.239108,96.0
235200.0,-13.6934,96.0
235296.0,-14.242682,96.0
235392.0,-14.447951,96.0
235488.0,-10.724891,96.0
235584.0,-13.960553,96.0
235680.0,-14.45949,96.0
235776.0,-14.232917,96.0
235872.0,-14.112574,96.0
235968.0,-14.293972,96.0
236064.0,-14.095524,96.0
236160.0,-11.134238,96.0
236256.0,-12.663276,96.0
236352.0,-14.362419,96.0
236448.0,-14.050777,96.0
236544.0,-13.573884,96.0
236640.0,-14.265181,96.0
236736.0,-13.944957,96.0
236832.0,-12.534519,96.0
236928.0,-13.370229,96.0
237024.0,-11.772244,96.0
237120.0,-14.2732,96.0
237216.0,-14.10883,96.0
237312.0,-11.161369,96.0
237408.0,-14.21243,96.0
237504.0,-14.064597,96.0
237600.0,-11.818332,96.0
237696.0,-13.886133,96.0
237792.0,-14.028502,96.0
237888.0,-13.889938,96.0
237984.0,-9.646128,96.0
238080.0,-13.074383,96.0
238176.0,-12.788705,96.0
238272.0,-14.501976,96.0
238368.0,-13.69688,96.0
238464.0,-12.639569,96.0
238560.0,-12.886815,96.0
238656.0,-13.211031,96.0
238752.0,-14.502552,96.0
238848.0,-11.137851,96.0
238944.0,-14.40141,96.0
239040.0,-13.182301,96.0
239136.0,-12.619815,96.0
239232.0,-13.897562,96.0
239328.0,-14.58529,96.0
239424.0,-13.472901,96.0
239520.0,-14.101872,96.0
239616.0,-14.19151,96.0
239712.0,-12.753037,96.0
239808.0,-14.431792,96.0
239904.0,-11.836892,96.0
240000.0,-14.639577,96.0
240096.0,-12.957197,96.0
240192.0,-11.317737,96.0
240288.0,-13.360795,96.0
240384.0,-12.116436,96.0
240480.0,-11.125579,96.0
240576.0,-13.119668,96.0
240672.0,-14.526225,96.0
240768.0,-13.938808,96.0
240864.0,-14.254412,96.0
240960.0,-13.239498,96.0
241056.0,-14.277748,96.0
241152.0,-14.212235,96.0
241248.0,-13.586206,96.0
241344.0,-13.382172,96.0
241440.0,-11.627204,96.0
241536.0,-13.942164,96.0
241632.0,-13.03787,96.0
241728.0,-14.436463,96.0
241824.0,-12.991133,96.0
241920.0,-13.876619,96.0
242016.0,-14.361384,96.0
242112.0,-11.49949,96.0
242208.0,-14.184483,96.0
242304.0,-14.371279,96.0
242400.0,-11.505108,96.0
242496.0,-12.468662,96.0
242592.0,-13.96778,96.0
242688.0,-14.540694,96.0
242784.0,-9.92802,96.0
242880.0,-14.531966,96.0
242976.0,-14.028871,96.0
243072.0,-13.359163,96.0
243168.0,-14.502691,96.0
243264.0,-13.636342,96.0
243360.0,-12.842829,96.0
243456.0,-14.165303,96.0
243552.0,-12.578529,96.0
243648.0,-14.501975,96.0
243744.0,-14.430113,96.0
243840.0,-14.453687,96.0
243936.0,-13.1114,96.0
244032.0,-14.137011,96.0
244128.0,-14.271222,96.0
244224.0,-13.091281,96.0
244320.0,-13.180036,96.0
244416.0,-14.319036,96.0
244512.0,-13.611368,96.0
244608.0,-13.624966,96.0
244704.0,-13.962654,96.0
244800.0,-12.992134,96.0
244896.0,-12.751335,96.0
244992.0,-12.713821,96.0
245088.0,-14.394724,96.0
245184.0,-13.80685,96.0
245280.0,-14.134982,96.0
245376.0,-11.630826,96.0
245472.0,-12.669617,96.0
245568.0,-14.326958,96.0
245664.0,-11.893307,96.0
245760.0,-13.876532,96.0
245856.0,-14.459238,96.0
245952.0,-13.263176,96.0
246048.0,-12.519287,96.0
246144.0,-14.18982,96.0
246240.0,-14.426166,96.0
246336.0,-14.26108,96.0
246432.0,-12.744226,96.0
246528.0,-13.42798,96.0
246624.0,-13.108456,96.0
246720.0,-14.647057,96.0
246816.0,-12.808647,96.0
246912.0,-14.346093,96.0
247008.0,-13.484509,96.0
247104.0,-13.529578,96.0
247200.0,-13.908468,96.0
247296.0,-12.432485,96.0
247392.0,-13.845434,96.0
247488.0,-14.573296,96.0
247584.0,-14.005708,96.0
247680.0,-14.060299,96.0
247776.0,-13.030457,96.0
247872.0,-14.348038,96.0
247968.0,-13.432141,96.0
248064.0,-12.357414,96.0
248160.0,-13.327001,96.0
248256.0,-14.503527,96.0
248352.0,-13.417724,96.0
248448.0,-12.764149,96.0
248544.0,-14.087762,96.0
248640.0,-13.027869,96.0
248736.0,-11.778711,96.0
248832.0,-13.149631,96.0
248928.0,-14.281574,96.0
249024.0,-10.513471,96.0
249120.0,-12.621602,96.0
249216.0,-13.33247,96.0
249312.0,-14.514973,96.0
249408.0,-13.354588,96.0
249504.0,-13.97961,96.0
249600.0,-13.3897,96.0
249696.0,-14.527854,96.0
249792.0,-14.29639,96.0
249888.0,-14.190633,96.0
249984.0,-14.029854,96.0
250080.0,-13.75901,96.0
250176.0,-13.500007,96.0
250272.0,-14.368677,96.0
250368.0,-13.572116,96.0
250464.0,-14.470321,96.0
250560.0,-14.215066,96.0
250656.0,-14.136209,96.0
250752.0,-14.575641,96.0
250848.0,-13.699312,96.0
250944.0,-14.214025,96.0
251040.0,-11.678004,96.0
251136.0,-12.533655,96.0
251232.0,-13.693193,96.0
251328.0,-11.221121,96.0
251424.0,-12.482667,96.0
251520.0,-14.117133,96.0
251616.0,-14.048698,96.0
251712.0,-13.906398,96.0
251808.0,-11.702212,96.0
251904.0,-14.518804,96.0
252000.0,-14.325619,96.0
252096.0,-14.282053,96.0
252192.0,-14.255289,96.0
252288.0,-11.282155,96.0
252384.0,-13.666959,96.0
252480.0,-11.497665,96.0
252576.0,-14.238367,96.0
252672.0,-13.412231,96.0
252768.0,-13.915831,96.0
252864.0,-14.021635,96.0
252960.0,-9.809338,96.0
253056.0,-11.825749,96.0
253152.0,-12.338797,96.0
253248.0,-13.60635,96.0
253344.0,-13.631779,96.0
253440.0,-14.263137,96.0
253536.0,-14.035239,96.0
253632.0,-14.517126,96.0
253728.0,-14.234184,96.0
253824.0,-14.265037,96.0
253920.0,-14.509332,96.0
254016.0,-11.608076,96.0
254112.0,-13.924011,96.0
254208.0,-14.083881,96.0
254304.0,-14.267234,96.0
254400.0,-12.272232,96.0
254496.0,-14.738058,96.0
254592.0,-14.720736,96.0
254688.0,-13.747295,96.0
254784.0,-13.398349,96.0
254880.0,-14.110769,96.0
254976.0,-14.032452,96.0
255072.0,-11.416585,96.0
255168.0,-13.785793,96.0
255264.0,-12.764864,96.0
255360.0,-12.952139,96.0
255456.0,-14.533309,96.0
255552.0,-14.123478,96.0
255648.0,-13.372357,96.0
255744.0,-14.502852,96.0
255840.0,-14.39888,96.0
255936.0,-14.190059,96.0
256032.0,-14.133992,96.0
256128.0,-13.854291,96.0
256224.0,-10.198943,96.0
256320.0,-13.674343,96.0
256416.0,-13.724828,96.0
256512.0,-14.484188,96.0
256608.0,-14.212936,96.0
256704.0,-13.340268,96.0
256800.0,-14.51916,96.0
256896.0,-14.076496,96.0
256992.0,-13.664942,96.0
257088.0,-14.726291,96.0
257184.0,-14.328315,96.0
257280.0,-13.346408,96.0
257376.0,-13.057435,96.0
257472.0,-11.406583,96.0
257568.0,-13.247263,96.0
257664.0,-13.608147,96.0
257760.0,-14.421855,96.0
257856.0,-14.659796,96.0
257952.0,-14.3986,96.0
258048.0,-13.976653,96.0
258144.0,-13.60122,96.0
258240.0,-14.174043,96.0
258336.0,-13.491566,96.0
258432.0,-13.817378,96.0
258528.0,-14.335304,96.0
258624.0,-13.85917,96.0
258720.0,-14.320479,96.0
258816.0,-13.520482,96.0
258912.0,-13.105985,96.0
259008.0,-14.214964,96.0
259104.0,-13.063598,96.0
259200.0,-13.096665,96.0
259296.0,-14.634842,96.0
259392.0,-13.599852,96.0
259488.0,-14.451035,96.0
259584.0,-14.215704,96.0
259680.0,-11.740494,96.0
259776.0,-12.866412,96.0
259872.0,-12.607456,96.0
259968.0,-12.5107,96.0
260064.0,-13.643475,96.0
260160.0,-14.643929,96.0
260256.0,-12.037861,96.0
260352.0,-11.918008,96.0
260448.0,-13.955635,96.0
260544.0,-13.96613,96.0
260640.0,-14.430259,96.0
260736.0,-14.306191,96.0
260832.0,-14.520352,96.0
260928.0,-13.176051,96.0
261024.0,-14.306125,96.0
261120.0,-13.106737,96.0
261216.0,-14.089007,96.0
261312.0,-12.692719,96.0
261408.0,-12.886755,96.0
261504.0,-13.311043,96.0
261600.0,-13.87055,96.0
261696.0,-13.949086,96.0
261792.0,-13.093334,96.0
261888.0,-11.816657,96.0
261984.0,-13.90931,96.0
262080.0,-14.34488,96.0
262176.0,-13.646193,96.0
262272.0,-14.076022,96.0
262368.0,-14.420781,96.0
262464.0,-14.3025,96.0
262560.0,-14.534268,96.0
262656.0,-12.91323,96.0
262752.0,-14.567011,96.0
262848.0,-13.435207,96.0
262944.0,-14.330575,96.0
263040.0,-12.877865,96.0
263136.0,-13.51351,96.0
263232.0,-10.687923,96.0
263328.0,-14.286061,96.0
263424.0,-14.378446,96.0
263520.0,-14.244287,96.0
263616.0,-14.237641,96.0
263712.0,-14.385602,96.0
263808.0,-13.507764,96.0
263904.0,-14.256896,96.0
264000.0,-14.39147,96.0
264096.0,-14.508566,96.0
264192.0,-9.453364,96.0
264288.0,-13.712991,96.0
264384.0,-12.773217,96.0
264480.0,-13.730803,96.0
264576.0,-14.540616,96.0
264672.0,-14.571086,96.0
264768.0,-13.384417,96.0
264864.0,-13.227765,96.0
264960.0,-14.091624,96.0
265056.0,-13.09334,96.0
265152.0,-14.271492,96.0
265248.0,-13.301699,96.0
265344.0,-12.099255,96.0
265440.0,-14.129627,96.0
265536.0,-14.404118,96.0
265632.0,-13.402133,96.0
265728.0,-13.659322,96.0
265824.0,-14.388725,96.0
265920.0,-13.762451,96.0
266016.0,-12.472563,96.0
266112.0,-11.515355,96.0
266208.0,-14.156104,96.0
266304.0,-12.663443,96.0
266400.0,-14.470122,96.0
266496.0,-12.594562,96.0
266592.0,-14.15681,96.0
266688.0,-14.82626,96.0
266784.0,-13.328782,96.0
266880.0,-11.145652,96.0
266976.0,-12.937805,96.0
267072.0,-14.13489,96.0
267168.0,-14.027849,96.0
267264.0,-14.308626,96.0
267360.0,-14.122211,96.0
267456.0,-13.019578,96.0
267552.0,-12.833984,96.0
267648.0,-11.400713,96.0
267744.0,-11.457595,96.0
267840.0,-14.327157,96.0
267936.0,-14.178917,96.0
268032.0,-13.577687,96.0
268128.0,-13.364594,96.0
268224.0,-14.235673,96.0
268320.0,-12.129701,96.0
268416.0,-14.062796,96.0
268512.0,-14.621876,96.0
268608.0,-13.943171,96.0
268704.0,-12.422849,96.0
268800.0,-14.317659,96.0
268896.0,-13.562894,96.0
268992.0,-14.447547,96.0
269088.0,-13.713767,96.0
269184.0,-11.834598,96.0
269280.0,-13.706883,96.0
269376.0,-14.107123,96.0
269472.0,-13.155291,96.0
269568.0,-12.895299,96.0
269664.0,-13.587887,96.0
269760.0,-13.514382,96.0
269856.0,-14.130244,96.0
269952.0,-12.994905,96.0
270048.0,-14.184969,96.0
270144.0,-13.699624,96.0
270240.0,-14.158444,96.0
270336.0,-10.401613,96.0
270432.0,-13.102011,96.0
270528.0,-14.422448,96.0
270624.0,-12.900969,96.0
270720.0,-12.51407,96.0
270816.0,-14.365394,96.0
270912.0,-14.272,96.0
271008.0,-13.105072,96.0
271104.0,-14.417925,96.0
271200.0,-14.10447,96.0
271296.0,-14.192785,96.0
271392.0,-13.251948,96.0
271488.0,-14.033387,96.0
271584.0,-14.049124,96.0
271680.0,-13.153499,96.0
271776.0,-14.468891,96.0
271872.0,-13.443935,96.0
271968.0,-12.626179,96.0
272064.0,-14.426858,96.0
272160.0,-13.298392,96.0
272256.0,-14.364174,96.0
272352.0,-13.697307,96.0
272448.0,-14.440519,96.0
272544.0,-14.339722,96.0
272640.0,-14.300968,96.0
272736.0,-14.384938,96.0
272832.0,-12.587735,96.0
272928.0,-14.15961,96.0
273024.0,-14.589673,96.0
273120.0,-14.587798,96.0
273216.0,-14.615764,96.0
273312.0,-14.557308,96.0
273408.0,-13.229522,96.0
273504.0,-13.054583,96.0
273600.0,-13.32087,96.0
273696.0,-13.77814,96.0
273792.0,-13.577144,96.0
273888.0,-12.842422,96.0
273984.0,-10.081067,96.0
274080.0,-13.312127,96.0
274176.0,-9.826626,96.0
274272.0,-14.078526,96.0
274368.0,-14.103052,96.0
274464.0,-13.405203,96.0
274560.0,-14.487018,96.0
274656.0,-13.606292,96.0
274752.0,-14.538729,96.0
274848.0,-14.370598,96.0
274944.0,-13.391846,96.0
275040.0,-10.012101,96.0
275136.0,-11.897288,96.0
275232.0,-12.92291,96.0
275328.0,-13.420155,96.0
275424.0,-14.602562,96.0
275520.0,-13.988553,96.0
275616.0,-12.898868,96.0
275712.0,-14.474941,96.0
275808.0,-13.815832,96.0
275904.0,-14.421002,96.0
276000.0,-13.020298,96.0
276096.0,-14.020301,96.0
276192.0,-12.415624,96.0
276288.0,-14.211631,96.0
276384.0,-14.637878,96.0
276480.0,-14.358847,96.0
276576.0,-11.527656,96.0
276672.0,-13.952175,96.0
276768.0,-14.089205,96.0
276864.0,-11.275947,96.0
276960.0,-13.39528,96.0
277056.0,-13.577101,96.0
277152.0,-14.406092,96.0
277248.0,-11.910417,96.0
277344.0,-13.276563,96.0
277440.0,-13.97228,96.0
277536.0,-13.288855,96.0
277632.0,-14.063089,96.0
277728.0,-13.240441,96.0
277824.0,-13.964449,96.0
277920.0,-13.751051,96.0
278016.0,-14.265468,96.0
278112.0,-12.468954,96.0
278208.0,-14.148674,96.0
278304.0,-13.164474,96.0
278400.0,-14.22288,96.0
278496.0,-14.362428,96.0
278592.0,-12.616132,96.0
278688.0,-14.490301,96.0
278784.0,-13.747768,96.0
278880.0,-12.793814,96.0
278976.0,-14.417336,96.0
279072.0,-14.388185,96.0
279168.0,-14.423518,96.0
279264.0,-13.094986,96.0
279360.0,-13.347236,96.0
279456.0,-12.907739,96.0
279552.0,-10.362632,96.0
279648.0,-13.993108,96.0
279744.0,-14.30421,96.0
279840.0,-14.279281,96.0
279936.0,-14.469996,96.0
280032.0,-14.119424,96.0
280128.0,-14.152582,96.0
280224.0,-14.06455,96.0
280320.0,-13.201982,96.0
280416.0,-12.560045,96.0
280512.0,-13.982979,96.0
280608.0,-12.909262,96.0
280704.0,-14.331666,96.0
280800.0,-13.833846,96.0
280896.0,-13.629957,96.0
280992.0,-13.606309,96.0
281088.0,-12.640196,96.0
281184.0,-13.451405,96.0
281280.0,-12.67634,96.0
281376.0,-13.900154,96.0
281472.0,-12.673046,96.0
281568.0,-13.017231,96.0
281664.0,-14.51403,96.0
281760.0,-13.491636,96.0
281856.0,-14.111017,96.0
281952.0,-14.08406,96.0
282048.0,-13.209194,96.0
282144.0,-14.806165,96.0
282240.0,-13.57636,96.0
282336.0,-12.743708,96.0
282432.0,-14.178572,96.0
282528.0,-14.185007,96.0
282624.0,-13.42846,96.0
282720.0,-14.100388,96.0
282816.0,-11.947936,96.0
282912.0,-13.860853,96.0
283008.0,-14.519528,96.0
283104.0,-14.337742,96.0
283200.0,-13.934607,96.0
283296.0,-11.941952,96.0
283392.0,-14.33767,96.0
283488.0,-14.187508,96.0
283584.0,-14.469328,96.0
283680.0,-13.275375,96.0
283776.0,-13.666902,96.0
283872.0,-11.283321,96.0
283968.0,-14.439799,96.0
284064.0,-14.146674,96.0
284160.0,-14.337484,96.0
284256.0,-14.362601,96.0
284352.0,-13.926694,96.0
284448.0,-14.294861,96.0
284544.0,-11.982245,96.0
284640.0,-13.513683,96.0
284736.0,-13.951804,96.0
284832.0,-14.080614,96.0
284928.0,-14.218196,96.0
285024.0,-13.006652,96.0
285120.0,-13.455628,96.0
285216.0,-13.49985,96.0
285312.0,-11.30699,96.0
285408.0,-14.289976,96.0
285504.0,-14.241911,96.0
285600.0,-11.965302,96.0
285696.0,-14.005561,96.0
285792.0,-14.375355,96.0
285888.0,-14.264622,96.0
285984.0,-12.933347,96.0
286080.0,-14.173247,96.0
286176.0,-12.944305,96.0
286272.0,-11.436051,96.0
286368.0,-12.773185,96.0
286464.0,-14.072362,96.0
286560.0,-12.980873,96.0
286656.0,-13.148849,96.0
286752.0,-13.552951,96.0
286848.0,-14.336585,96.0
286944.0,-14.911388,96.0
287040.0,-14.023102,96.0
287136.0,-14.493243,96.0
287232.0,-13.432456,96.0
287328.0,-13.7258,96.0
287424.0,-14.589726,96.0
287520.0,-13.960594,96.0
287616.0,-13.349868,96.0
287712.0,-12.517612,96.0
287808.0,-13.266801,96.0
287904.0,-14.493129,96.0
288000.0,-12.558273,96.0
288096.0,-14.254445,96.0
288192.0,-12.741015,96.0
288288.0,-14.589315,96.0
288384.0,-13.510405,96.0
288480.0,-12.671242,96.0
288576.0,-13.47097,96.0
288672.0,-14.288068,96.0
288768.0,-13.900438,96.0
288864.0,-13.484753,96.0
288960.0,-13.645339,96.0
289056.0,-13.377412,96.0
289152.0,-14.489192,96.0
289248.0,-11.054056,96.0
289344.0,-13.65481,96.0
289440.0,-14.273008,96.0
289536.0,-14.511259,96.0
289632.0,-14.432899,96.0
289728.0,-14.378898,96.0
289824.0,-14.293837,96.0
289920.0,-13.609106,96.0
290016.0,-13.393111,96.0
290112.0,-13.160017,96.0
290208.0,-13.211859,96.0
290304.0,-14.257067,96.0
290400.0,-13.3279,96.0
290496.0,-14.151629,96.0
290592.0,-12.996171,96.0
290688.0,-13.66183,96.0
290784.0,-14.302658,96.0
290880.0,-14.241195,96.0
290976.0,-13.58913,96.0
291072.0,-13.557167,96.0
291168.0,-13.958627,96.0
291264.0,-12.628328,96.0
291360.0,-11.24921,96.0
291456.0,-14.217078,96.0
291552.0,-12.980127,96.0
291648.0,-13.590795,96.0
291744.0,-12.885796,96.0
291840.0,-14.229609,96.0
291936.0,-14.194242,96.0
292032.0,-13.442102,96.0
292128.0,-12.374932,96.0
292224.0,-14.526752,96.0
292320.0,-13.485314,96.0
292416.0,-14.603424,96.0
292512.0,-13.410959,96.0
292608.0,-13.985105,96.0
292704.0,-13.663607,96.0
292800.0,-12.528205,96.0
292896.0,-14.241332,96.0
292992.0,-13.89567,96.0
293088.0,-13.269633,96.0
293184.0,-13.313533,96.0
293280.0,-14.086607,96.0
293376.0,-14.44942,96.0
293472.0,-12.896147,96.0
293568.0,-13.081562,96.0
293664.0,-13.313933,96.0
293760.0,-13.499637,96.0
293856.0,-14.536442,96.0
293952.0,-12.785924,96.0
294048.0,-12.996063,96.0
294144.0,-13.097237,96.0
294240.0,-12.50196,96.0
294336.0,-14.503148,96.0
294432.0,-14.29219,96.0
294528.0,-12.587118,96.0
294624.0,-13.231929,96.0
294720.0,-12.078823,96.0
294816.0,-13.802504,96.0
294912.0,-14.62661,96.0
295008.0,-14.134244,96.0
295104.0,-14.225334,96.0
295200.0,-13.972482,96.0
295296.0,-13.668444,96.0
295392.0,-12.281358,96.0
295488.0,-13.726223,96.0
295584.0,-14.059662,96.0
295680.0,-14.458697,96.0
295776.0,-14.408929,96.0
295872.0,-13.869669,96.0
295968.0,-13.276211,96.0
296064.0,-14.060192,96.0
296160.0,-12.681427,96.0
296256.0,-13.151095,96.0
296352.0,-13.751438,96.0
296448.0,-14.027995,96.0
296544.0,-13.945262,96.0
296640.0,-14.038297,96.0
296736.0,-12.839863,96.0
296832.0,-13.872783,96.0
296928.0,-12.946031,96.0
297024.0,-14.130999,96.0
297120.0,-14.39507,96.0
297216.0,-13.447388,96.0
297312.0,-13.790376,96.0
297408.0,-13.022321,96.0
297504.0,-13.629898,96.0
297600.0,-13.586875,96.0
297696.0,-13.323365,96.0
297792.0,-13.111697,96.0
297888.0,-12.002524,96.0
297984.0,-14.557073,96.0
298080.0,-12.912229,96.0
298176.0,-12.527495,96.0
298272.0,-14.542141,96.0
298368.0,-13.374638,96.0
298464.0,-14.619041,96.0
298560.0,-13.817221,96.0
298656.0,-14.288783,96.0
298752.0,-14.149443,96.0
298848.0,-11.267977,96.0
298944.0,-14.57015,96.0
299040.0,-13.122547,96.0
299136.0,-14.41923,96.0
299232.0,-13.798135,96.0
299328.0,-13.49803,96.0
299424.0,-11.791697,96.0
299520.0,-14.413832,96.0
299616.0,-14.351672,96.0
299712.0,-13.920941,96.0
299808.0,-13.927557,96.0
299904.0,-13.508687,96.0
300000.0,-14.37437,96.0
300096.0,-14.335321,96.0
300192.0,-14.284161,96.0
300288.0,-14.687277,96.0
300384.0,-14.467688,96.0
300480.0,-13.715308,96.0
300576.0,-13.302097,96.0
300672.0,-14.321811,96.0
300768.0,-13.838723,96.0
300864.0,-9.394794,96.0
300960.0,-12.405447,96.0
301056.0,-11.645104,96.0
301152.0,-14.085323,96.0
301248.0,-14.369355,96.0
301344.0,-14.019754,96.0
301440.0,-14.405263,96.0
301536.0,-14.392678,96.0
301632.0,-14.1903,96.0
301728.0,-14.554664,96.0
301824.0,-14.050005,96.0
301920.0,-14.125146,96.0
302016.0,-14.486967,96.0
302112.0,-13.333709,96.0
302208.0,-14.3143,96.0
302304.0,-13.692308,96.0
302400.0,-12.101571,96.0
302496.0,-12.486798,96.0
302592.0,-14.459447,96.0
302688.0,-14.063515,96.0
302784.0,-13.641875,96.0
302880.0,-12.089024,96.0
302976.0,-13.976915,96.0
303072.0,-14.018997,96.0
303168.0,-13.684955,96.0
303264.0,-12.75298,96.0
303360.0,-14.667366,96.0
303456.0,-12.969266,96.0
303552.0,-14.39474,96.0
303648.0,-12.888608,96.0
303744.0,-12.930695,96.0
303840.0,-13.125208,96.0
303936.0,-14.394053,96.0
304032.0,-13.614414,96.0
304128.0,-13.935329,96.0
304224.0,-14.099226,96.0
304320.0,-13.944854,96.0
304416.0,-13.527362,96.0
304512.0,-13.986312,96.0
304608.0,-14.313461,96.0
304704.0,-12.853238,96.0
304800.0,-13.698869,96.0
304896.0,-14.511102,96.0
304992.0,-13.49411,96.0
305088.0,-13.461235,96.0
305184.0,-14.354441,96.0
305280.0,-13.704202,96.0
305376.0,-14.448421,96.0
305472.0,-13.909833,96.0
305568.0,-13.493776,96.0
305664.0,-11.413276,96.0
305760.0,-13.47551,96.0
305856.0,-14.617282,96.0
305952.0,-13.947396,96.0
306048.0,-14.300621,96.0
306144.0,-11.285543,96.0
306240.0,-14.236078,96.0
306336.0,-11.217615,96.0
306432.0,-13.383434,96.0
306528.0,-12.625328,96.0
306624.0,-13.579779,96.0
306720.0,-13.653418,96.0
306816.0,-13.915073,96.0
306912.0,-14.267692,96.0
307008.0,-13.663477,96.0
307104.0,-14.228208,96.0
307200.0,-13.899942,96.0
307296.0,-14.281145,96.0
307392.0,-13.908666,96.0
307488.0,-13.980269,96.0
307584.0,-12.981891,96.0
307680.0,-12.914237,96.0
307776.0,-13.185689,96.0
307872.0,-14.129845,96.0
307968.0,-13.527833,96.0
308064.0,-13.982672,96.0
308160.0,-13.859163,96.0
308256.0,-13.603975,96.0
308352.0,-13.299192,96.0
308448.0,-12.815478,96.0
308544.0,-13.713252,96.0
308640.0,-14.219474,96.0
308736.0,-13.959745,96.0
308832.0,-11.389732,96.0
308928.0,-14.100227,96.0
309024.0,-13.891881,96.0
309120.0,-14.347732,96.0
309216.0,-12.977152,96.0
309312.0,-13.587564,96.0
309408.0,-14.157583,96.0
309504.0,-14.158154,96.0
309600.0,-13.686246,96.0
309696.0,-13.991766,96.0
309792.0,-14.379204,96.0
309888.0,-13.203157,96.0
309984.0,-13.442939,96.0
310080.0,-14.352721,96.0
310176.0,-14.23555,96.0
310272.0,-14.370906,96.0
310368.0,-13.240921,96.0
310464.0,-11.431859,96.0
310560.0,-14.302239,96.0
310656.0,-14.246442,96.0
310752.0,-13.25121,96.0
310848.0,-13.562412,96.0
310944.0,-14.664318,96.0
311040.0,-11.883026,96.0
311136.0,-14.086223,96.0
311232.0,-14.077614,96.0
311328.0,-14.346909,96.0
311424.0,-14.005792,96.0
311520.0,-13.648744,96.0
311616.0,-13.589382,96.0
311712.0,-14.025644,96.0
311808.0,-9.998711,96.0
311904.0,-12.874001,96.0
312000.0,-14.168312,96.0
312096.0,-12.539414,96.0
312192.0,-13.473005,96.0
312288.0,-13.505687,96.0
312384.0,-13.488941,96.0
312480.0,-13.915433,96.0
312576.0,-13.465109,96.0
312672.0,-13.817847,96.0
312768.0,-13.830978,96.0
312864.0,-14.009554,96.0
312960.0,-14.194123,96.0
313056.0,-14.43244,96.0
313152.0,-14.511886,96.0
313248.0,-13.371404,96.0
313344.0,-14.538239,96.0
313440.0,-14.469795,96.0
313536.0,-13.599098,96.0
313632.0,-13.650753,96.0
313728.0,-13.23881,96.0
313824.0,-13.032902,96.0
313920.0,-14.096942,96.0
314016.0,-13.377156,96.0
314112.0,-14.150864,96.0
314208.0,-12.719191,96.0
314304.0,-14.339571,96.0
314400.0,-14.311932,96.0
314496.0,-14.367621,96.0
314592.0,-11.949004,96.0
314688.0,-14.652786,96.0
314784.0,-13.7302,96.0
314880.0,-13.58121,96.0
314976.0,-9.902636,96.0
315072.0,-13.50601,96.0
315168.0,-13.983459,96.0
315264.0,-11.065202,96.0
315360.0,-14.3792,96.0
315456.0,-14.039187,96.0
315552.0,-13.028717,96.0
315648.0,-14.195761,96.0
315744.0,-13.913616,96.0
315840.0,-13.497169,96.0
315936.0,-14.35749,96.0
316032.0,-14.287995,96.0
316128.0,-13.931491,96.0
316224.0,-13.178295,96.0
316320.0,-13.685004,96.0
316416.0,-13.472932,96.0
316512.0,-14.247457,96.0
316608.0,-14.830982,96.0
316704.0,-14.382106,96.0
316800.0,-12.962377,96.0
316896.0,-13.399609,96.0
316992.0,-13.914304,96.0
317088.0,-14.223808,96.0
317184.0,-13.531302,96.0
317280.0,-13.212463,96.0
317376.0,-13.548286,96.0
317472.0,-13.350832,96.0
317568.0,-13.023502,96.0
317664.0,-11.756109,96.0
317760.0,-14.040822,96.0
317856.0,-14.197606,96.0
317952.0,-14.280791,96.0
318048.0,-14.578466,96.0
318144.0,-14.343073,96.0
318240.0,-14.304107,96.0
318336.0,-13.988515,96.0
318432.0,-13.271074,96.0
318528.0,-14.38657,96.0
318624.0,-13.404521,96.0
318720.0,-11.592348,96.0
318816.0,-9.76048,96.0
318912.0,-13.080681,96.0
319008.0,-14.199761,96.0
319104.0,-13.53332,96.0
319200.0,-14.51919,96.0
319296.0,-14.126267,96.0
319392.0,-12.873385,96.0
319488.0,-14.268292,96.0
319584.0,-13.841786,96.0
319680.0,-14.137912,96.0
319776.0,-13.520797,96.0
319872.0,-14.118961,96.0
319968.0,-14.461642,96.0
320064.0,-14.005428,96.0
320160.0,-11.592327,96.0
320256.0,-14.182959,96.0
320352.0,-14.156193,96.0
320448.0,-11.210275,96.0
320544.0,-14.58017,96.0
320640.0,-14.381577,96.0
320736.0,-14.321844,96.0
320832.0,-12.605829,96.0
320928.0,-11.310259,96.0
321024.0,-13.866382,96.0
321120.0,-14.243312,96.0
321216.0,-13.802332,96.0
321312.0,-14.028638,96.0
321408.0,-13.053808,96.0
321504.0,-13.102682,96.0
321600.0,-14.175862,96.0
321696.0,-12.972773,96.0
321792.0,-14.008314,96.0
321888.0,-11.722629,96.0
321984.0,-13.576999,96.0
322080.0,-14.319539,96.0
322176.0,-14.373407,96.0
322272.0,-11.138252,96.0
322368.0,-14.662933,96.0
322464.0,-13.462963,96.0
322560.0,-14.468417,96.0
322656.0,-13.992373,96.0
322752.0,-13.616094,96.0
322848.0,-11.30474,96.0
322944.0,-13.88634,96.0
323040.0,-12.946068,96.0
323136.0,-13.416364,96.0
323232.0,-14.14063,96.0
323328.0,-12.945989,96.0
323424.0,-13.941355,96.0
323520.0,-13.231395,96.0
323616.0,-13.70428,96.0
323712.0,-13.929078,96.0
323808.0,-12.796754,96.0
323904.0,-14.394589,96.0
324000.0,-12.786168,96.0
324096.0,-14.451205,96.0
324192.0,-14.445985,96.0
324288.0,-13.686444,96.0
324384.0,-14.642251,96.0
324480.0,-14.249666,96.0
324576.0,-14.321047,96.0
324672.0,-14.109695,96.0
324768.0,-13.585975,96.0
324864.0,-13.969292,96.0
324960.0,-12.804647,96.0
325056.0,-14.504782,96.0
325152.0,-14.051126,96.0
325248.0,-13.547679,96.0
325344.0,-13.154911,96.0
325440.0,-13.191426,96.0
325536.0,-13.608145,96.0
325632.0,-14.03359,96.0
325728.0,-13.208314,96.0
325824.0,-13.382579,96.0
325920.0,-12.376243,96.0
326016.0,-13.46721,96.0
326112.0,-14.495125,96.0
326208.0,-13.670073,96.0
326304.0,-11.681788,96.0
326400.0,-13.047082,96.0
326496.0,-13.738346,96.0
326592.0,-14.151124,96.0
326688.0,-13.498299,96.0
326784.0,-14.145518,96.0
326880.0,-13.975009,96.0
326976.0,-13.310903,96.0
327072.0,-13.286437,96.0
327168.0,-13.456739,96.0
327264.0,-12.318088,96.0
327360.0,-14.004805,96.0
327456.0,-11.899899,96.0
327552.0,-13.787928,96.0
327648.0,-14.337984,96.0
327744.0,-10.540583,96.0
327840.0,-14.174302,96.0
327936.0,-14.19621,96.0
328032.0,-13.583732,96.0
328128.0,-14.692301,96.0
328224.0,-11.019798,96.0
328320.0,-12.848721,96.0
328416.0,-13.941961,96.0
328512.0,-14.007726,96.0
328608.0,-14.191725,96.0
328704.0,-13.101648,96.0
328800.0,-13.482259,96.0
328896.0,-14.15923,96.0
328992.0,-14.549667,96.0
329088.0,-14.510309,96.0
329184.0,-14.18691,96.0
329280.0,-12.572866,96.0
329376.0,-14.380511,96.0
329472.0,-13.870149,96.0
329568.0,-14.074022,96.0
329664.0,-12.369931,96.0
329760.0,-13.771201,96.0
329856.0,-13.825251,96.0
329952.0,-13.552877,96.0
330048.0,-12.438496,96.0
330144.0,-14.267216,96.0
330240.0,-14.209682,96.0
330336.0,-14.301833,96.0
330432.0,-11.715448,96.0
330528.0,-14.514825,96.0
330624.0,-14.354475,96.0
330720.0,-14.109611,96.0
330816.0,-12.263314,96.0
330912.0,-12.664842,96.0
331008.0,-13.959749,96.0
331104.0,-13.872625,96.0
331200.0,-14.471345,96.0
331296.0,-14.113298,96.0
331392.0,-11.353833,96.0
331488.0,-14.477793,96.0
331584.0,-13.337434,96.0
331680.0,-13.757958,96.0
331776.0,-14.293702,96.0
331872.0,-13.4433,96.0
331968.0,-11.528946,96.0
332064.0,-14.208381,96.0
332160.0,-14.256499,96.0
332256.0,-14.18222,96.0
332352.0,-14.074344,96.0
332448.0,-14.417476,96.0
332544.0,-11.259741,96.0
332640.0,-13.155944,96.0
332736.0,-13.503795,96.0
332832.0,-14.294028,96.0
332928.0,-13.615119,96.0
333024.0,-14.327948,96.0
333120.0,-14.359702,96.0
333216.0,-14.33294,96.0
333312.0,-13.533146,96.0
333408.0,-13.439168,96.0
333504.0,-14.569081,96.0
333600.0,-13.158634,96.0
333696.0,-14.315357,96.0
333792.0,-14.501883,96.0
333888.0,-14.365116,96.0
333984.0,-14.121134,96.0
334080.0,-14.263041,96.0
334176.0,-12.659829,96.0
334272.0,-14.454858,96.0
334368.0,-13.3924,96.0
334464.0,-14.158099,96.0
334560.0,-14.22383,96.0
334656.0,-11.822334,96.0
334752.0,-12.569266,96.0
334848.0,-13.678595,96.0
334944.0,-14.375027,96.0
335040.0,-12.42088,96.0
335136.0,-12.131196,96.0
335232.0,-13.405759,96.0
335328.0,-13.457297,96.0
335424.0,-13.633506,96.0
335520.0,-14.689578,96.0
335616.0,-14.38278,96.0
335712.0,-11.558323,96.0
335808.0,-14.213875,96.0
335904.0,-12.999785,96.0
336000.0,-14.508385,96.0
336096.0,-11.465376,96.0
336192.0,-13.56176,96.0
336288.0,-12.928892,96.0
336384.0,-14.14615,96.0
336480.0,-12.171831,96.0
336576.0,-14.433693,96.0
336672.0,-14.249576,96.0
336768.0,-13.719384,96.0
336864.0,-11.246344,96.0
336960.0,-13.339288,96.0
337056.0,-14.232021,96.0
337152.0,-14.389807,96.0
337248.0,-13.060195,96.0
337344.0,-12.897049,96.0
337440.0,-13.774742,96.0
337536.0,-14.19231,96.0
337632.0,-13.732107,96.0
337728.0,-14.877628,96.0
337824.0,-13.368901,96.0
337920.0,-14.412167,96.0
338016.0,-14.113251,96.0
338112.0,-12.296971,96.0
338208.0,-14.23446,96.0
338304.0,-13.600851,96.0
338400.0,-13.427751,96.0
338496.0,-14.291709,96.0
338592.0,-13.203361,96.0
338688.0,-10.141699,96.0
338784.0,-13.480746,96.0
338880.0,-13.143754,96.0
338976.0,-13.037093,96.0
339072.0,-11.802632,96.0
339168.0,-11.69279,96.0
339264.0,-13.6813,96.0
339360.0,-9.87132,96.0
339456.0,-11.455802,96.0
339552.0,-11.780275,96.0
339648.0,-13.034685,96.0
339744.0,-14.475316,96.0
339840.0,-14.165093,96.0
339936.0,-13.448412,96.0
340032.0,-14.155138,96.0
340128.0,-9.60048,96.0
340224.0,-14.005648,96.0
340320.0,-11.536225,96.0
340416.0,-13.252873,96.0
340512.0,-14.311421,96.0
340608.0,-14.765394,96.0
340704.0,-12.666785,96.0
340800.0,-13.61996,96.0
340896.0,-14.513654,96.0
340992.0,-14.12255,96.0
341088.0,-14.016757,96.0
341184.0,-12.573377,96.0
341280.0,-14.31077,96.0
341376.0,-14.533735,96.0
341472.0,-12.544172,96.0
341568.0,-13.233736,96.0
341664.0,-13.45295,96.0
341760.0,-14.022733,96.0
341856.0,-12.133057,96.0
341952.0,-13.604439,96.0
342048.0,-13.967922,96.0
342144.0,-13.195339,96.0
342240.0,-14.264396,96.0
342336.0,-13.76491,96.0
342432.0,-13.890139,96.0
342528.0,-13.532907,96.0
342624.0,-13.520949,96.0
342720.0,-14.604595,96.0
342816.0,-12.645587,96.0
342912.0,-14.129258,96.0
343008.0,-13.232654,96.0
343104.0,-12.338675,96.0
343200.0,-14.724897,96.0
343296.0,-13.494546,96.0
343392.0,-13.363869,96.0
343488.0,-14.650693,96.0
343584.0,-14.696368,96.0
343680.0,-9.646818,96.0
343776.0,-14.686732,96.0
343872.0,-13.949377,96.0
343968.0,-14.08354,96.0
344064.0,-12.7349,96.0
344160.0,-13.391477,96.0
344256.0,-14.350024,96.0
344352.0,-14.576012,96.0
344448.0,-13.319256,96.0
344544.0,-12.827028,96.0
344640.0,-14.471397,96.0
344736.0,-12.829006,96.0
344832.0,-13.524573,96.0
344928.0,-13.915143,96.0
345024.0,-14.030367,96.0
345120.0,-14.429433,96.0
345216.0,-13.101355,96.0
345312.0,-12.527367,96.0
345408.0,-14.512803,96.0
345504.0,-12.953021,96.0
345600.0,-14.175288,96.0
345696.0,-14.462656,96.0
345792.0,-13.437224,96.0
345888.0,-13.557856,96.0
345984.0,-14.295048,96.0
346080.0,-14.453857,96.0
346176.0,-13.082273,96.0
346272.0,-12.404312,96.0
346368.0,-13.040715,96.0
346464.0,-13.730953,96.0
346560.0,-13.128593,96.0
346656.0,-14.323491,96.0
346752.0,-13.411253,96.0
346848.0,-13.502739,96.0
346944.0,-11.071795,96.0
347040.0,-13.343163,96.0
347136.0,-14.548185,96.0
347232.0,-11.207243,96.0
347328.0,-14.197757,96.0
347424.0,-14.494013,96.0
347520.0,-9.899796,96.0
347616.0,-13.919307,96.0
347712.0,-14.492286,96.0
347808.0,-12.265485,96.0
347904.0,-14.401854,96.0
348000.0,-14.329349,96.0
348096.0,-13.749382,96.0
348192.0,-13.862443,96.0
348288.0,-13.890248,96.0
348384.0,-14.011321,96.0
348480.0,-14.2608,96.0
348576.0,-14.301442,96.0
348672.0,-14.454146,96.0
348768.0,-11.841443,96.0
348864.0,-13.893908,96.0
348960.0,-13.620065,96.0
349056.0,-13.955462,96.0
349152.0,-14.408198,96.0
349248.0,-14.485729,96.0
349344.0,-9.947112,96.0
349440.0,-14.061964,96.0
349536.0,-13.211674,96.0
349632.0,-14.579828,96.0
349728.0,-14.625272,96.0
349824.0,-14.365637,96.0
349920.0,-13.745362,96.0
350016.0,-14.469551,96.0
350112.0,-13.542863,96.0
350208.0,-14.115743,96.0
350304.0,-13.999115,96.0
350400.0,-13.595257,96.0
350496.0,-13.083314,96.0
350592.0,-11.796058,96.0
350688.0,-14.144451,96.0
350784.0,-13.877532,96.0
350880.0,-12.675519,96.0
350976.0,-14.652947,96.0
351072.0,-13.972794,96.0
351168.0,-14.332265,96.0
351264.0,-12.366119,96.0
351360.0,-14.381646,96.0
351456.0,-14.457796,96.0
351552.0,-14.026145,96.0
351648.0,-13.949188,96.0
351744.0,-13.582855,96.0
351840.0,-14.236608,96.0
351936.0,-14.525424,96.0
352032.0,-13.8572,96.0
352128.0,-13.689376,96.0
352224.0,-13.899427,96.0
352320.0,-14.29076,96.0
352416.0,-13.130994,96.0
352512.0,-10.677019,96.0
352608.0,-13.703697,96.0
352704.0,-11.308535,96.0
352800.0,-13.31089,96.0
352896.0,-14.345721,96.0
352992.0,-13.43753,96.0
353088.0,-14.034321,96.0
353184.0,-14.247286,96.0
353280.0,-13.614469,96.0
353376.0,-12.524973,96.0
353472.0,-11.55593,96.0
353568.0,-14.340164,96.0
353664.0,-14.106497,96.0
353760.0,-14.454973,96.0
353856.0,-13.579976,96.0
353952.0,-11.872951,96.0
354048.0,-13.974249,96.0
354144.0,-13.879086,96.0
354240.0,-13.40508,96.0
354336.0,-14.44294,96.0
354432.0,-14.20508,96.0
354528.0,-13.85893,96.0
354624.0,-12.489234,96.0
354720.0,-14.192046,96.0
354816.0,-13.507571,96.0
354912.0,-12.717751,96.0
355008.0,-14.0943,96.0
355104.0,-13.212133,96.0
355200.0,-13.739713,96.0
355296.0,-13.534967,96.0
355392.0,-14.021784,96.0
355488.0,-14.161202,96.0
355584.0,-14.927291,96.0
355680.0,-14.050496,96.0
355776.0,-14.498186,96.0
355872.0,-13.477935,96.0
355968.0,-13.590612,96.0
356064.0,-14.295645,96.0
356160.0,-14.190658,96.0
356256.0,-13.311184,96.0
356352.0,-14.091563,96.0
356448.0,-13.421682,96.0
356544.0,-14.399832,96.0
356640.0,-13.54187,96.0
356736.0,-12.959221,96.0
356832.0,-13.270332,96.0
356928.0,-14.301376,96.0
357024.0,-13.549214,96.0
357120.0,-13.78217,96.0
357216.0,-13.402663,96.0
357312.0,-13.630738,96.0
357408.0,-13.287367,96.0
357504.0,-13.70623,96.0
357600.0,-11.696208,96.0
357696.0,-13.580936,96.0
357792.0,-12.238166,96.0
357888.0,-14.426986,96.0
357984.0,-12.680936,96.0
358080.0,-13.521973,96.0
358176.0,-13.099514,96.0
358272.0,-14.540525,96.0
358368.0,-14.361283,96.0
358464.0,-14.342522,96.0
358560.0,-12.660303,96.0
358656.0,-14.261755,96.0
358752.0,-13.076828,96.0
358848.0,-14.592745,96.0
358944.0,-12.584662,96.0
359040.0,-14.307831,96.0
359136.0,-14.383321,96.0
359232.0,-12.440171,96.0
359328.0,-14.055838,96.0
359424.0,-14.459894,96.0
359520.0,-14.134646,96.0
359616.0,-13.884112,96.0
359712.0,-14.5042,96.0
359808.0,-13.951297,96.0
359904.0,-14.246911,96.0
360000.0,-14.896601,96.0
360096.0,-13.661904,96.0
360192.0,-12.619366,96.0
360288.0,-13.607639,96.0
360384.0,-13.873704,96.0
360480.0,-12.035216,96.0
360576.0,-12.66816,96.0
360672.0,-13.462404,96.0
360768.0,-14.437356,96.0
360864.0,-9.410522,96.0
360960.0,-14.24506,96.0
361056.0,-13.942386,96.0
361152.0,-14.499012,96.0
361248.0,-14.632261,96.0
361344.0,-13.527445,96.0
361440.0,-14.197986,96.0
361536.0,-14.189554,96.0
361632.0,-13.346497,96.0
361728.0,-13.519982,96.0
361824.0,-13.366824,96.0
361920.0,-12.212546,96.0
362016.0,-13.861573,96.0
362112.0,-12.376645,96.0
362208.0,-14.508486,96.0
362304.0,-13.139134,96.0
362400.0,-14.165827,96.0
362496.0,-13.426286,96.0
362592.0,-14.390056,96.0
362688.0,-14.189085,96.0
362784.0,-13.864503,96.0
362880.0,-14.480229,96.0
362976.0,-11.242227,96.0
363072.0,-14.154207,96.0
363168.0,-11.838107,96.0
363264.0,-13.869103,96.0
363360.0,-13.98555,96.0
363456.0,-14.580387,96.0
363552.0,-14.027427,96.0
363648.0,-11.792198,96.0
363744.0,-14.504485,96.0
363840.0,-13.049584,96.0
363936.0,-12.847972,96.0
364032.0,-13.874918,96.0
364128.0,-13.423426,96.0
364224.0,-12.512697,96.0
364320.0,-14.19155,96.0
364416.0,-13.421936,96.0
364512.0,-13.376901,96.0
364608.0,-11.946825,96.0
364704.0,-11.677367,96.0
364800.0,-11.153844,96.0
364896.0,-14.426059,96.0
364992.0,-13.927766,96.0
365088.0,-13.208143,96.0
365184.0,-12.047224,96.0
365280.0,-11.772436,96.0
365376.0,-14.076262,96.0
365472.0,-11.638938,96.0
365568.0,-13.428779,96.0
365664.0,-13.917642,96.0
365760.0,-13.838163,96.0
365856.0,-14.202053,96.0
365952.0,-14.460973,96.0
366048.0,-13.171891,96.0
366144.0,-14.342098,96.0
366240.0,-13.067722,96.0
366336.0,-11.733172,96.0
366432.0,-14.574508,96.0
366528.0,-12.911247,96.0
366624.0,-14.091011,96.0
366720.0,-14.18627,96.0
366816.0,-13.119725,96.0
366912.0,-12.053171,96.0
367008.0,-14.570426,96.0
367104.0,-13.770296,96.0
367200.0,-14.011656,96.0
367296.0,-15.003581,96.0
367392.0,-12.34888,96.0
367488.0,-14.449702,96.0
367584.0,-13.447791,96.0
367680.0,-13.545193,96.0
367776.0,-14.360955,96.0
367872.0,-14.219261,96.0
367968.0,-13.560541,96.0
368064.0,-12.476445,96.0
368160.0,-12.939152,96.0
368256.0,-13.387301,96.0
368352.0,-14.036324,96.0
368448.0,-14.323996,96.0
368544.0,-13.616751,96.0
368640.0,-14.677095,96.0
368736.0,-14.641493,96.0
368832.0,-14.474611,96.0
368928.0,-14.220171,96.0
369024.0,-12.650383,96.0
369120.0,-14.28629,96.0
369216.0,-14.260557,96.0
369312.0,-13.93985,96.0
369408.0,-13.280854,96.0
369504.0,-13.612726,96.0
369600.0,-14.390243,96.0
369696.0,-13.482541,96.0
369792.0,-11.354424,96.0
369888.0,-11.80849,96.0
369984.0,-13.355337,96.0
370080.0,-14.511239,96.0
370176.0,-12.513732,96.0
370272.0,-13.380549,96.0
370368.0,-11.843606,96.0
370464.0,-12.562222,96.0
370560.0,-14.406462,96.0
370656.0,-14.412377,96.0
370752.0,-13.406931,96.0
370848.0,-14.568453,96.0
370944.0,-13.434552,96.0
371040.0,-13.337506,96.0
371136.0,-14.196219,96.0
371232.0,-14.105089,96.0
371328.0,-13.586192,96.0
371424.0,-14.423114,96.0
371520.0,-12.346539,96.0
371616.0,-11.281713,96.0
371712.0,-11.616015,96.0
371808.0,-14.402953,96.0
371904.0,-14.076327,96.0
372000.0,-14.132343,96.0
372096.0,-13.98955,96.0
372192.0,-13.027077,96.0
372288.0,-14.53841,96.0
372384.0,-13.963013,96.0
372480.0,-11.200871,96.0
372576.0,-14.392782,96.0
372672.0,-14.325855,96.0
372768.0,-14.58796,96.0
372864.0,-14.595857,96.0
372960.0,-12.970445,96.0
373056.0,-14.190798,96.0
373152.0,-9.489147,96.0
373248.0,-14.105416,96.0
373344.0,-12.945254,96.0
373440.0,-14.129212,96.0
373536.0,-14.005199,96.0
373632.0,-14.598884,96.0
373728.0,-14.451219,96.0
373824.0,-14.232811,96.0
373920.0,-13.64169,96.0
374016.0,-14.55466,96.0
374112.0,-14.338534,96.0
374208.0,-11.774234,96.0
374304.0,-12.506929,96.0
374400.0,-14.554249,96.0
374496.0,-13.905159,96.0
374592.0,-14.732532,96.0
374688.0,-14.373743,96.0
374784.0,-11.906753,96.0
374880.0,-14.637462,96.0
374976.0,-14.137255,96.0
375072.0,-12.815524,96.0
375168.0,-14.065764,96.0
375264.0,-14.068138,96.0
375360.0,-14.949085,96.0
375456.0,-13.903457,96.0
375552.0,-14.155186,96.0
375648.0,-13.615619,96.0
375744.0,-14.458963,96.0
375840.0,-14.011296,96.0
375936.0,-9.699164,96.0
376032.0,-11.939218,96.0
376128.0,-14.095778,96.0
376224.0,-11.441674,96.0
376320.0,-13.53772,96.0
376416.0,-14.053033,96.0
376512.0,-13.526324,96.0
376608.0,-14.518795,96.0
376704.0,-14.167668,96.0
376800.0,-13.519869,96.0
376896.0,-14.280583,96.0
376992.0,-14.510323,96.0
377088.0,-13.531692,96.0
377184.0,-12.432159,96.0
377280.0,-13.675896,96.0
377376.0,-12.630851,96.0
377472.0,-10.984054,96.0
377568.0,-12.800342,96.0
377664.0,-13.54335,96.0
377760.0,-13.60794,96.0
377856.0,-13.983516,96.0
377952.0,-14.113443,96.0
378048.0,-13.931267,96.0
378144.0,-13.160336,96.0
378240.0,-14.350963,96.0
378336.0,-14.516695,96.0
378432.0,-12.995435,96.0
378528.0,-14.660383,96.0
378624.0,-13.996549,96.0
378720.0,-13.153677,96.0
378816.0,-13.445143,96.0
378912.0,-11.949455,96.0
379008.0,-13.501861,96.0
379104.0,-14.085652,96.0
379200.0,-13.971688,96.0
379296.0,-13.247774,96.0
379392.0,-14.221142,96.0
379488.0,-13.623755,96.0
379584.0,-14.26839,96.0
379680.0,-14.019388,96.0
379776.0,-13.880538,96.0
379872.0,-14.010271,96.0
379968.0,-13.43598,96.0
380064.0,-11.093713,96.0
380160.0,-14.357598,96.0
380256.0,-14.247387,96.0
380352.0,-14.647712,96.0
380448.0,-12.492653,96.0
380544.0,-13.133099,96.0
380640.0,-14.233913,96.0
380736.0,-14.242648,96.0
380832.0,-14.099866,96.0
380928.0,-14.186034,96.0
381024.0,-13.920151,96.0
381120.0,-13.871282,96.0
381216.0,-14.281419,96.0
381312.0,-14.539461,96.0
381408.0,-13.046596,96.0
381504.0,-13.565487,96.0
381600.0,-10.808495,96.0
381696.0,-13.076472,96.0
381792.0,-13.376429,96.0
381888.0,-13.855451,96.0
381984.0,-14.399458,96.0
382080.0,-13.513235,96.0
382176.0,-14.576711,96.0
382272.0,-10.085822,96.0
382368.0,-12.69673,96.0
382464.0,-13.025325,96.0
382560.0,-14.623117,96.0
382656.0,-12.627904,96.0
382752.0,-12.863404,96.0
382848.0,-11.934251,96.0
382944.0,-14.33964,96.0
383040.0,-14.07948,96.0
383136.0,-13.396871,96.0
383232.0,-13.485749,96.0
383328.0,-12.842097,96.0
383424.0,-12.891041,96.0
383520.0,-14.297134,96.0
383616.0,-12.274475,96.0
383712.0,-11.67025,96.0
383808.0,-14.0244,96.0
383904.0,-13.58869,96.0
384000.0,-13.96574,96.0
384096.0,-12.930008,96.0
384192.0,-14.134291,96.0
384288.0,-11.596066,96.0
384384.0,-14.491186,96.0
384480.0,-12.700548,96.0
384576.0,-14.712441,96.0
384672.0,-14.035025,96.0
384768.0,-12.827235,96.0
384864.0,-13.480802,96.0
384960.0,-13.11435,96.0
385056.0,-13.366983,96.0
385152.0,-14.581691,96.0
385248.0,-13.288383,96.0
385344.0,-14.324324,96.0
385440.0,-12.87092,96.0
385536.0,-12.997094,96.0
385632.0,-13.846984,96.0
385728.0,-13.774091,96.0
385824.0,-13.395157,96.0
385920.0,-13.437275,96.0
386016.0,-13.097512,96.0
386112.0,-11.338037,96.0
386208.0,-14.420464,96.0
386304.0,-12.916209,96.0
386400.0,-14.551749,96.0
386496.0,-12.898637,96.0
386592.0,-14.145646,96.0
386688.0,-14.330497,96.0
386784.0,-13.212522,96.0
386880.0,-14.299545,96.0
386976.0,-14.420116,96.0
387072.0,-14.051278,96.0
387168.0,-13.815353,96.0
387264.0,-13.035179,96.0
387360.0,-13.907895,96.0
387456.0,-11.802854,96.0
387552.0,-13.494913,96.0
387648.0,-13.552113,96.0
387744.0,-12.663034,96.0
387840.0,-13.334519,96.0
387936.0,-12.280657,96.0
388032.0,-12.823215,96.0
388128.0,-13.831286,96.0
388224.0,-12.115429,96.0
388320.0,-14.314187,96.0
388416.0,-11.883604,96.0
388512.0,-14.550702,96.0
388608.0,-14.493677,96.0
388704.0,-12.32514,96.0
388800.0,-14.589698,96.0
388896.0,-12.435402,96.0
388992.0,-14.061789,96.0
389088.0,-13.981379,96.0
389184.0,-13.780588,96.0
389280.0,-11.264303,96.0
389376.0,-13.168119,96.0
389472.0,-14.113815,96.0
389568.0,-14.391587,96.0
389664.0,-14.092623,96.0
389760.0,-13.988256,96.0
389856.0,-12.96051,96.0
389952.0,-11.798109,96.0
390048.0,-13.365587,96.0
390144.0,-14.044263,96.0
390240.0,-13.601763,96.0
390336.0,-12.959221,96.0
390432.0,-14.489597,96.0
390528.0,-13.847356,96.0
390624.0,-13.539773,96.0
390720.0,-11.441754,96.0
390816.0,-11.151956,96.0
390912.0,-14.178895,96.0
391008.0,-14.344699,96.0
391104.0,-13.987286,96.0
391200.0,-12.680095,96.0
391296.0,-11.644172,96.0
391392.0,-14.133935,96.0
391488.0,-14.089639,96.0
391584.0,-14.511362,96.0
391680.0,-14.119303,96.0
391776.0,-14.92251,96.0
391872.0,-12.87828,96.0
391968.0,-14.066329,96.0
392064.0,-14.158563,96.0
392160.0,-14.544199,96.0
392256.0,-13.353498,96.0
392352.0,-13.936732,96.0
392448.0,-14.577397,96.0
392544.0,-14.14394,96.0
392640.0,-14.142098,96.0
392736.0,-13.552993,96.0
392832.0,-11.340644,96.0
392928.0,-13.435958,96.0
393024.0,-14.505895,96.0
393120.0,-13.611836,96.0
393216.0,-14.49451,96.0
393312.0,-14.212101,96.0
393408.0,-13.075673,96.0
393504.0,-13.553612,96.0
393600.0,-12.392139,96.0
393696.0,-10.250891,96.0
393792.0,-13.702177,96.0
393888.0,-13.576678,96.0
393984.0,-11.874511,96.0
394080.0,-9.534266,96.0
394176.0,-14.595538,96.0
394272.0,-11.574788,96.0
394368.0,-14.132012,96.0
394464.0,-14.142725,96.0
394560.0,-12.583276,96.0
394656.0,-11.245578,96.0
394752.0,-14.529064,96.0
394848.0,-13.804996,96.0
394944.0,-14.25407,96.0
395040.0,-13.476967,96.0
395136.0,-14.130347,96.0
395232.0,-11.733755,96.0
395328.0,-13.108736,96.0
395424.0,-14.048811,96.0
395520.0,-11.370009,96.0
395616.0,-13.440155,96.0
395712.0,-14.1568,96.0
395808.0,-13.88365,96.0
395904.0,-13.882478,96.0
396000.0,-14.022189,96.0
396096.0,-14.518458,96.0
396192.0,-11.176792,96.0
396288.0,-10.278099,96.0
396384.0,-14.500349,96.0
396480.0,-13.881657,96.0
396576.0,-11.524894,96.0
396672.0,-14.648685,96.0
396768.0,-13.497364,96.0
396864.0,-14.493915,96.0
396960.0,-13.772413,96.0
397056.0,-14.179956,96.0
397152.0,-14.37089,96.0
397248.0,-13.525418,96.0
397344.0,-14.737869,96.0
397440.0,-14.540837,96.0
397536.0,-13.527131,96.0
397632.0,-14.643952,96.0
397728.0,-13.096344,96.0
397824.0,-14.570815,96.0
397920.0,-13.06206,96.0
398016.0,-13.025695,96.0
398112.0,-14.269337,96.0
398208.0,-14.596799,96.0
398304.0,-14.567281,96.0
398400.0,-13.444029,96.0
398496.0,-12.286475,96.0
398592.0,-14.417281,96.0
398688.0,-14.005316,96.0
398784.0,-14.382565,96.0
398880.0,-14.260495,96.0
398976.0,-13.326325,96.0
399072.0,-12.519077,96.0
399168.0,-12.488455,96.0
399264.0,-14.292246,96.0
399360.0,-12.073662,96.0
399456.0,-14.335031,96.0
399552.0,-13.709728,96.0
399648.0,-14.019606,96.0
399744.0,-14.216662,96.0
399840.0,-12.709836,96.0
399936.0,-13.490297,96.0
400032.0,-14.288672,96.0
400128.0,-13.794631,96.0
400224.0,-14.425626,96.0
400320.0,-13.033416,96.0
400416.0,-13.357132,96.0
400512.0,-13.845587,96.0
400608.0,-14.436614,96.0
400704.0,-13.397315,96.0
400800.0,-14.421199,96.0
400896.0,-13.379347,96.0
400992.0,-12.488179,96.0
401088.0,-12.882938,96.0
401184.0,-14.559742,96.0
401280.0,-14.088823,96.0
401376.0,-12.729327,96.0
401472.0,-13.294248,96.0
401568.0,-11.401476,96.0
401664.0,-14.276797,96.0
401760.0,-11.089666,96.0
401856.0,-14.277755,96.0
401952.0,-14.005049,96.0
402048.0,-14.358049,96.0
402144.0,-11.563662,96.0
402240.0,-14.553474,96.0
402336.0,-14.166152,96.0
402432.0,-12.547757,96.0
402528.0,-13.417777,96.0
402624.0,-11.635276,96.0
402720.0,-14.053939,96.0
402816.0,-14.457276,96.0
402912.0,-14.494252,96.0
403008.0,-13.08659,96.0
403104.0,-14.721307,96.0
403200.0,-13.99659,96.0
403296.0,-13.307949,96.0
403392.0,-13.679039,96.0
403488.0,-12.88362,96.0
403584.0,-13.154175,96.0
403680.0,-13.456552,96.0
403776.0,-13.287476,96.0
403872.0,-14.909143,96.0
403968.0,-14.180632,96.0
404064.0,-14.339397,96.0
404160.0,-13.770587,96.0
404256.0,-13.664325,96.0
404352.0,-12.491526,96.0
404448.0,-14.200715,96.0
404544.0,-12.643742,96.0
404640.0,-13.406935,96.0
404736.0,-13.62529,96.0
404832.0,-14.20503,96.0
404928.0,-12.647582,96.0
405024.0,-14.474898,96.0
405120.0,-13.166281,96.0
405216.0,-12.923852,96.0
405312.0,-13.886621,96.0
405408.0,-14.126723,96.0
405504.0,-14.308602,96.0
405600.0,-14.187297,96.0
405696.0,-13.87048,96.0
405792.0,-14.579942,96.0
405888.0,-13.56497,96.0
405984.0,-13.352049,96.0
406080.0,-11.806016,96.0
406176.0,-11.593984,96.0
406272.0,-14.695387,96.0
406368.0,-13.812643,96.0
406464.0,-13.934947,96.0
406560.0,-13.56782,96.0
406656.0,-11.61399,96.0
406752.0,-14.069358,96.0
406848.0,-12.007108,96.0
406944.0,-13.903358,96.0
407040.0,-14.151817,96.0
407136.0,-12.203857,96.0
407232.0,-13.470657,96.0
407328.0,-14.153123,96.0
407424.0,-11.780107,96.0
407520.0,-13.29576,96.0
407616.0,-12.970495,96.0
407712.0,-13.541,96.0
407808.0,-13.717814,96.0
407904.0,-13.967126,96.0
408000.0,-13.162524,96.0
408096.0,-14.194323,96.0
408192.0,-13.211185,96.0
408288.0,-14.085032,96.0
408384.0,-12.573187,96.0
408480.0,-12.642951,96.0
408576.0,-12.389667,96.0
408672.0,-12.545545,96.0
408768.0,-10.152037,96.0
408864.0,-13.968739,96.0
408960.0,-11.944694,96.0
409056.0,-14.387219,96.0
409152.0,-14.238325,96.0
409248.0,-13.365024,96.0
409344.0,-13.53607,96.0
409440.0,-14.368722,96.0
409536.0,-13.65387,96.0
409632.0,-13.289575,96.0
409728.0,-14.64505,96.0
409824.0,-11.431038,96.0
409920.0,-14.530244,96.0
410016.0,-12.662048,96.0
410112.0,-14.32854,96.0
410208.0,-14.327424,96.0
410304.0,-13.059617,96.0
410400.0,-11.728642,96.0
410496.0,-14.058842,96.0
410592.0,-12.052813,96.0
410688.0,-14.075975,96.0
410784.0,-13.534255,96.0
410880.0,-14.03855,96.0
410976.0,-14.412446,96.0
411072.0,-14.290941,96.0
411168.0,-13.599746,96.0
411264.0,-14.485125,96.0
411360.0,-13.223649,96.0
411456.0,-13.979548,96.0
411552.0,-12.715912,96.0
411648.0,-13.378844,96.0
411744.0,-14.17589,96.0
411840.0,-12.813105,96.0
411936.0,-11.982102,96.0
412032.0,-14.667543,96.0
412128.0,-14.351445,96.0
412224.0,-10.472541,96.0
412320.0,-14.616475,96.0
412416.0,-13.696786,96.0
412512.0,-14.386807,96.0
412608.0,-13.947854,96.0
412704.0,-11.752289,96.0
412800.0,-10.390656,96.0
412896.0,-13.313538,96.0
412992.0,-12.469603,96.0
413088.0,-13.079517,96.0
413184.0,-11.891856,96.0
413280.0,-12.715917,96.0
413376.0,-13.998333,96.0
413472.0,-13.661652,96.0
413568.0,-12.653456,96.0
413664.0,-12.968719,96.0
413760.0,-14.007897,96.0
413856.0,-13.979944,96.0
413952.0,-14.683686,96.0
414048.0,-13.33726,96.0
414144.0,-10.907854,96.0
414240.0,-13.40816,96.0
414336.0,-13.346093,96.0
414432.0,-14.175662,96.0
414528.0,-14.265393,96.0
414624.0,-14.265964,96.0
414720.0,-11.363316,96.0
414816.0,-12.429177,96.0
414912.0,-14.538077,96.0
415008.0,-14.340329,96.0
415104.0,-13.94917,96.0
415200.0,-14.15078,96.0
415296.0,-13.87522,96.0
415392.0,-14.137132,96.0
415488.0,-13.94396,96.0
415584.0,-11.231525,96.0
415680.0,-14.691668,96.0
415776.0,-13.591302,96.0
415872.0,-13.767266,96.0
415968.0,-14.617789,96.0
416064.0,-14.205322,96.0
416160.0,-14.053207,96.0
416256.0,-13.884501,96.0
416352.0,-13.456229,96.0
416448.0,-12.358867,96.0
416544.0,-13.602489,96.0
416640.0,-14.510459,96.0
416736.0,-11.228416,96.0
416832.0,-14.103708,96.0
416928.0,-14.087954,96.0
417024.0,-13.528672,96.0
417120.0,-13.33297,96.0
417216.0,-14.435232,96.0
417312.0,-11.02967,96.0
417408.0,-13.718447,96.0
417504.0,-13.912513,96.0
417600.0,-13.39556,96.0
417696.0,-13.552146,96.0
417792.0,-14.071382,96.0
417888.0,-14.431567,96.0
417984.0,-14.332619,96.0
418080.0,-14.509461,96.0
418176.0,-14.075399,96.0
418272.0,-13.728223,96.0
418368.0,-13.518642,96.0
418464.0,-12.64293,96.0
418560.0,-14.077645,96.0
418656.0,-11.807731,96.0
418752.0,-14.101238,96.0
418848.0,-14.450708,96.0
418944.0,-13.975197,96.0
419040.0,-14.417355,96.0
419136.0,-14.23378,96.0
419232.0,-13.441826,96.0
419328.0,-13.009205,96.0
419424.0,-14.585067,96.0
419520.0,-14.423086,96.0
419616.0,-14.419395,96.0
419712.0,-13.722593,96.0
419808.0,-14.241145,96.0
419904.0,-13.776876,96.0
420000.0,-12.455912,96.0
420096.0,-13.591612,96.0
420192.0,-12.945964,96.0
420288.0,-13.721433,96.0
420384.0,-13.283267,96.0
420480.0,-14.557314,96.0
420576.0,-14.039976,96.0
420672.0,-13.042885,96.0
420768.0,-13.423369,96.0
420864.0,-13.969201,96.0
420960.0,-13.033942,96.0
421056.0,-13.198572,96.0
421152.0,-13.758774,96.0
421248.0,-11.237308,96.0
421344.0,-12.409705,96.0
421440.0,-14.32873,96.0
421536.0,-13.75618,96.0
421632.0,-13.771282,96.0
421728.0,-11.784266,96.0
421824.0,-12.018433,96.0
421920.0,-14.332101,96.0
422016.0,-14.259369,96.0
422112.0,-13.527584,96.0
422208.0,-13.584063,96.0
422304.0,-11.860189,96.0
422400.0,-12.446539,96.0
422496.0,-13.220201,96.0
422592.0,-13.098758,96.0
422688.0,-14.408386,96.0
422784.0,-14.145401,96.0
422880.0,-13.660846,96.0
422976.0,-14.304681,96.0
423072.0,-13.532251,96.0
423168.0,-13.562728,96.0
423264.0,-13.687375,96.0
423360.0,-12.631076,96.0
423456.0,-13.188107,96.0
423552.0,-13.591073,96.0
423648.0,-12.27593,96.0
423744.0,-13.069054,96.0
423840.0,-14.277316,96.0
423936.0,-14.308762,96.0
424032.0,-14.005563,96.0
424128.0,-13.551839,96.0
424224.0,-12.553729,96.0
424320.0,-11.707211,96.0
424416.0,-13.169048,96.0
424512.0,-14.007081,96.0
424608.0,-13.9699,96.0
424704.0,-14.509476,96.0
424800.0,-13.104537,96.0
424896.0,-14.624623,96.0
424992.0,-13.595653,96.0
425088.0,-14.698878,96.0
425184.0,-13.8669,96.0
425280.0,-14.372149,96.0
425376.0,-14.27495,96.0
425472.0,-10.129339,96.0
425568.0,-14.370077,96.0
425664.0,-12.97331,96.0
425760.0,-13.655765,96.0
425856.0,-14.603298,96.0
425952.0,-12.739717,96.0
426048.0,-14.317251,96.0
426144.0,-12.997797,96.0
426240.0,-12.951243,96.0
426336.0,-12.441046,96.0
426432.0,-13.293992,96.0
426528.0,-13.326012,96.0
426624.0,-14.531694,96.0
426720.0,-13.488819,96.0
426816.0,-14.294273,96.0
426912.0,-12.830552,96.0
427008.0,-13.591845,96.0
427104.0,-14.551453,96.0
427200.0,-14.374424,96.0
427296.0,-14.625481,96.0
427392.0,-13.5574,96.0
427488.0,-14.27095,96.0
427584.0,-12.587981,96.0
427680.0,-13.492276,96.0
427776.0,-11.816146,96.0
427872.0,-13.916594,96.0
427968.0,-11.509152,96.0
428064.0,-13.148668,96.0
428160.0,-12.648953,96.0
428256.0,-11.585562,96.0
428352.0,-12.568437,96.0
428448.0,-13.740613,96.0
428544.0,-12.643519,96.0
428640.0,-14.463088,96.0
428736.0,-10.446478,96.0
428832.0,-12.725716,96.0
428928.0,-14.586056,96.0
429024.0,-14.416738,96.0
429120.0,-13.539021,96.0
429216.0,-14.406761,96.0
429312.0,-14.71091,96.0
429408.0,-14.267379,96.0
429504.0,-13.026993,96.0
429600.0,-14.226649,96.0
429696.0,-12.706202,96.0
429792.0,-13.979187,96.0
429888.0,-13.413903,96.0
429984.0,-14.471477,96.0
430080.0,-14.221177,96.0
430176.0,-14.010053,96.0
430272.0,-13.41962,96.0
430368.0,-14.275028,96.0
430464.0,-11.212918,96.0
430560.0,-13.951317,96.0
430656.0,-13.440511,96.0
430752.0,-14.367543,96.0
430848.0,-13.481465,96.0
430944.0,-12.557062,96.0
431040.0,-13.289696,96.0
431136.0,-13.439716,96.0
431232.0,-14.179993,96.0
431328.0,-13.163331,96.0
431424.0,-13.743682,96.0
431520.0,-12.589554,96.0
431616.0,-13.913486,96.0
431712.0,-12.312895,96.0
431808.0,-13.311255,96.0
431904.0,-14.333278,96.0
432000.0,-13.158815,96.0
432096.0,-13.079084,96.0
432192.0,-14.384265,96.0
432288.0,-13.856174,96.0
432384.0,-13.907959,96.0
432480.0,-11.937382,96.0
432576.0,-13.164638,96.0
432672.0,-13.204138,96.0
432768.0,-13.698555,96.0
432864.0,-13.906772,96.0
432960.0,-13.819459,96.0
433056.0,-12.960249,96.0
433152.0,-14.038791,96.0
433248.0,-13.181053,96.0
433344.0,-14.487814,96.0
433440.0,-14.067441,96.0
433536.0,-13.602629,96.0
433632.0,-13.392773,96.0
433728.0,-11.452202,96.0
433824.0,-12.500803,96.0
433920.0,-14.12016,96.0
434016.0,-13.702237,96.0
434112.0,-13.029144,96.0
434208.0,-14.201257,96.0
434304.0,-13.752621,96.0
434400.0,-12.73555,96.0
434496.0,-14.564025,96.0
434592.0,-11.920304,96.0
434688.0,-10.254129,96.0
434784.0,-14.365047,96.0
434880.0,-14.205459,96.0
434976.0,-11.501124,96.0
435072.0,-12.857501,96.0
435168.0,-12.56196,96.0
435264.0,-13.430447,96.0
435360.0,-11.710771,96.0
435456.0,-14.382976,96.0
435552.0,-9.546058,96.0
435648.0,-13.309286,96.0
435744.0,-14.219526,96.0
435840.0,-14.508026,96.0
435936.0,-14.247254,96.0
436032.0,-13.410924,96.0
436128.0,-14.579014,96.0
436224.0,-13.494142,96.0
436320.0,-14.505617,96.0
436416.0,-13.462706,96.0
436512.0,-13.890828,96.0
436608.0,-14.1365,96.0
436704.0,-14.319404,96.0
436800.0,-14.474858,96.0
436896.0,-11.173394,96.0
436992.0,-11.736862,96.0
437088.0,-11.205784,96.0
437184.0,-14.440184,96.0
437280.0,-12.539911,96.0
437376.0,-14.340033,96.0
437472.0,-13.48356,96.0
437568.0,-14.64249,96.0
437664.0,-13.346094,96.0
437760.0,-13.026219,96.0
437856.0,-14.251688,96.0
437952.0,-13.966365,96.0
438048.0,-11.6281,96.0
438144.0,-13.456438,96.0
438240.0,-14.342444,96.0
438336.0,-12.550346,96.0
438432.0,-12.616544,96.0
438528.0,-12.750421,96.0
438624.0,-12.756968,96.0
438720.0,-14.225381,96.0
438816.0,-13.146527,96.0
438912.0,-10.366842,96.0
439008.0,-14.492184,96.0
439104.0,-14.556435,96.0
439200.0,-12.35881,96.0
439296.0,-14.022605,96.0
439392.0,-9.637041,96.0
439488.0,-14.227884,96.0
439584.0,-13.480024,96.0
439680.0,-13.491746,96.0
439776.0,-13.866488,96.0
439872.0,-14.265761,96.0
439968.0,-13.352733,96.0
440064.0,-12.389335,96.0
440160.0,-13.695733,96.0
440256.0,-13.479502,96.0
440352.0,-14.397811,96.0
440448.0,-12.748607,96.0
440544.0,-13.895788,96.0
440640.0,-12.942195,96.0
440736.0,-13.025957,96.0
440832.0,-11.837893,96.0
440928.0,-11.708203,96.0
441024.0,-13.560808,96.0
441120.0,-13.615266,96.0
441216.0,-11.507322,96.0
441312.0,-14.4295,96.0
441408.0,-11.287712,96.0
441504.0,-14.412763,96.0
441600.0,-13.551698,96.0
441696.0,-13.782173,96.0
441792.0,-14.4928,96.0
441888.0,-12.845902,96.0
441984.0,-13.624383,96.0
442080.0,-14.244261,96.0
442176.0,-13.975707,96.0
442272.0,-14.035896,96.0
442368.0,-14.40173,96.0
442464.0,-14.569591,96.0
442560.0,-14.354757,96.0
442656.0,-10.316603,96.0
442752.0,-12.520924,96.0
442848.0,-14.105341,96.0
442944.0,-14.054199,96.0
443040.0,-14.314451,96.0
443136.0,-14.321672,96.0
443232.0,-13.53432,96.0
443328.0,-14.320237,96.0
443424.0,-13.263357,96.0
443520.0,-14.340033,96.0
443616.0,-13.71476,96.0
443712.0,-13.656984,96.0
443808.0,-14.159014,96.0
443904.0,-9.620441,96.0
444000.0,-13.887277,96.0
444096.0,-13.038702,96.0
444192.0,-11.270719,96.0
444288.0,-13.80682,96.0
444384.0,-14.08102,96.0
444480.0,-13.365424,96.0
444576.0,-13.125023,96.0
444672.0,-12.916495,96.0
444768.0,-13.266648,96.0
444864.0,-14.039072,96.0
444960.0,-11.373577,96.0
445056.0,-14.090729,96.0
445152.0,-14.16797,96.0
445248.0,-14.460193,96.0
445344.0,-13.617021,96.0
445440.0,-14.169388,96.0
445536.0,-14.175044,96.0
445632.0,-11.660822,96.0
445728.0,-14.705151,96.0
445824.0,-12.285363,96.0
445920.0,-11.497686,96.0
446016.0,-14.367125,96.0
446112.0,-13.620933,96.0
446208.0,-9.357126,96.0
446304.0,-13.611185,96.0
446400.0,-13.795053,96.0
446496.0,-14.292052,96.0
446592.0,-13.88177,96.0
446688.0,-12.291024,96.0
446784.0,-14.106109,96.0
446880.0,-13.211279,96.0
446976.0,-14.194299,96.0
447072.0,-13.141831,96.0
447168.0,-14.412905,96.0
447264.0,-13.969568,96.0
447360.0,-14.502295,96.0
447456.0,-14.255081,96.0
447552.0,-14.171514,96.0
447648.0,-13.449474,96.0
447744.0,-13.343341,96.0
447840.0,-12.940183,96.0
447936.0,-14.153483,96.0
448032.0,-12.624104,96.0
448128.0,-12.778522,96.0
448224.0,-13.362949,96.0
448320.0,-14.05713,96.0
448416.0,-10.789418,96.0
448512.0,-13.222576,96.0
448608.0,-14.137662,96.0
448704.0,-14.363147,96.0
448800.0,-14.277484,96.0
448896.0,-13.468831,96.0
448992.0,-14.432569,96.0
449088.0,-14.018761,96.0
449184.0,-12.657288,96.0
449280.0,-12.014188,96.0
449376.0,-12.524238,96.0
449472.0,-13.646187,96.0
449568.0,-12.95025,96.0
449664.0,-11.978144,96.0
449760.0,-13.864939,96.0
449856.0,-13.426219,96.0
449952.0,-14.460795,96.0
450048.0,-13.064314,96.0
450144.0,-12.080622,96.0
450240.0,-13.28919,96.0
450336.0,-11.248969,96.0
450432.0,-12.026025,96.0
450528.0,-13.676901,96.0
450624.0,-14.573094,96.0
450720.0,-12.478608,96.0
450816.0,-14.353967,96.0
450912.0,-11.236353,96.0
451008.0,-10.1022,96.0
451104.0,-12.613644,96.0
451200.0,-11.592849,96.0
451296.0,-14.447127,96.0
451392.0,-11.080095,96.0
451488.0,-14.426892,96.0
451584.0,-14.392309,96.0
451680.0,-13.403464,96.0
451776.0,-13.809666,96.0
451872.0,-13.995313,96.0
451968.0,-14.507863,96.0
452064.0,-14.099833,96.0
452160.0,-14.009768,96.0
452256.0,-12.813914,96.0
452352.0,-13.42951,96.0
452448.0,-14.493389,96.0
452544.0,-14.217588,96.0
452640.0,-11.999938,96.0
452736.0,-14.394656,96.0
452832.0,-14.424603,96.0
452928.0,-13.78252,96.0
453024.0,-14.428011,96.0
453120.0,-13.55925,96.0
453216.0,-14.377954,96.0
453312.0,-14.322236,96.0
453408.0,-14.086098,96.0
453504.0,-11.05889,96.0
453600.0,-13.282681,96.0
453696.0,-14.293496,96.0
453792.0,-11.017654,96.0
453888.0,-14.510838,96.0
453984.0,-12.855942,96.0
454080.0,-12.428826,96.0
454176.0,-14.200953,96.0
454272.0,-13.289384,96.0
454368.0,-14.144891,96.0
454464.0,-13.813039,96.0
454560.0,-14.200122,96.0
454656.0,-14.018245,96.0
454752.0,-11.52351,96.0
454848.0,-13.454004,96.0
454944.0,-13.383636,96.0
455040.0,-14.019331,96.0
455136.0,-13.893707,96.0
455232.0,-14.379478,96.0
455328.0,-13.957344,96.0
455424.0,-12.509736,96.0
455520.0,-13.008564,96.0
455616.0,-12.573309,96.0
455712.0,-14.17162,96.0
455808.0,-14.02894,96.0
455904.0,-14.389788,96.0
456000.0,-13.263031,96.0
456096.0,-11.456884,96.0
456192.0,-13.500437,96.0
456288.0,-13.378913,96.0
456384.0,-14.713238,96.0
456480.0,-14.111846,96.0
456576.0,-14.115423,96.0
456672.0,-14.583962,96.0
456768.0,-13.003394,96.0
456864.0,-14.636079,96.0
456960.0,-13.091199,96.0
457056.0,-13.876695,96.0
457152.0,-14.015289,96.0
457248.0,-11.006957,96.0
457344.0,-13.923734,96.0
457440.0,-14.366841,96.0
457536.0,-13.5516,96.0
457632.0,-14.103726,96.0
457728.0,-11.748637,96.0
457824.0,-12.861687,96.0
457920.0,-11.538384,96.0
458016.0,-13.568063,96.0
458112.0,-14.079063,96.0
458208.0,-14.038478,96.0
458304.0,-13.823413,96.0
458400.0,-13.93281,96.0
458496.0,-11.421293,96.0
458592.0,-12.300277,96.0
458688.0,-13.336704,96.0
458784.0,-11.840582,96.0
458880.0,-11.865217,96.0
458976.0,-14.030102,96.0
459072.0,-13.992436,96.0
459168.0,-12.670671,96.0
459264.0,-13.703509,96.0
459360.0,-14.132042,96.0
459456.0,-13.390494,96.0
459552.0,-14.220091,96.0
459648.0,-11.717594,96.0
459744.0,-12.631952,96.0
459840.0,-14.12142,96.0
459936.0,-14.102871,96.0
460032.0,-13.732521,96.0
460128.0,-14.230818,96.0
460224.0,-13.56044,96.0
460320.0,-14.271321,96.0
460416.0,-13.570161,96.0
460512.0,-14.498896,96.0
460608.0,-13.124532,96.0
460704.0,-13.550975,96.0
460800.0,-14.574254,96.0
460896.0,-13.490479,96.0
460992.0,-14.172098,96.0
461088.0,-14.39681,96.0
461184.0,-13.755285,96.0
461280.0,-13.115146,96.0
461376.0,-13.450933,96.0
461472.0,-14.034148,96.0
461568.0,-14.222863,96.0
461664.0,-13.455448,96.0
461760.0,-13.200636,96.0
461856.0,-14.083652,96.0
461952.0,-14.614837,96.0
462048.0,-14.392671,96.0
462144.0,-14.340824,96.0
462240.0,-13.633438,96.0
462336.0,-13.356237,96.0
462432.0,-14.620806,96.0
462528.0,-12.319218,96.0
462624.0,-14.358564,96.0
462720.0,-14.523086,96.0
462816.0,-14.267662,96.0
462912.0,-13.280192,96.0
463008.0,-14.677457,96.0
463104.0,-14.386018,96.0
463200.0,-14.475685,96.0
463296.0,-14.183503,96.0
463392.0,-14.184485,96.0
463488.0,-14.179471,96.0
463584.0,-14.088365,96.0
463680.0,-14.321011,96.0
463776.0,-13.371345,96.0
463872.0,-11.916447,96.0
463968.0,-13.363474,96.0
464064.0,-13.780818,96.0
464160.0,-14.331298,96.0
464256.0,-14.531044,96.0
464352.0,-12.968821,96.0
464448.0,-12.035468,96.0
464544.0,-14.126142,96.0
464640.0,-14.378326,96.0
464736.0,-13.978771,96.0
464832.0,-13.041804,96.0
464928.0,-11.165743,96.0
465024.0,-14.203529,96.0
465120.0,-13.524025,96.0
465216.0,-14.042417,96.0
465312.0,-14.259868,96.0
465408.0,-10.763604,96.0
465504.0,-13.630379,96.0
465600.0,-14.643357,96.0
465696.0,-14.658246,96.0
465792.0,-13.392867,96.0
465888.0,-11.919089,96.0
465984.0,-12.081877,96.0
466080.0,-11.315678,96.0
466176.0,-13.087415,96.0
466272.0,-14.07325,96.0
466368.0,-13.30863,96.0
466464.0,-13.759053,96.0
466560.0,-13.50467,96.0
466656.0,-11.233545,96.0
466752.0,-14.193462,96.0
466848.0,-14.185343,96.0
466944.0,-12.931312,96.0
467040.0,-14.666055,96.0
467136.0,-13.646392,96.0
467232.0,-13.967559,96.0
467328.0,-12.577288,96.0
467424.0,-14.34952,96.0
467520.0,-13.067525,96.0
467616.0,-13.595665,96.0
467712.0,-14.100315,96.0
467808.0,-11.561876,96.0
467904.0,-13.634137,96.0
468000.0,-13.604384,96.0
468096.0,-12.460433,96.0
468192.0,-14.158707,96.0
468288.0,-14.427785,96.0
468384.0,-12.778998,96.0
468480.0,-13.417366,96.0
468576.0,-13.063271,96.0
468672.0,-14.008745,96.0
468768.0,-14.448543,96.0
468864.0,-12.799155,96.0
468960.0,-11.516125,96.0
469056.0,-14.10247,96.0
469152.0,-13.224913,96.0
469248.0,-14.303016,96.0
469344.0,-12.413999,96.0
469440.0,-14.674416,96.0
469536.0,-14.27339,96.0
469632.0,-14.276986,96.0
469728.0,-11.159752,96.0
469824.0,-10.972237,96.0
469920.0,-14.630473,96.0
470016.0,-14.252786,96.0
470112.0,-14.204246,96.0
470208.0,-13.615354,96.0
470304.0,-13.571454,96.0
470400.0,-13.637325,96.0
470496.0,-13.033326,96.0
470592.0,-12.379177,96.0
470688.0,-14.212539,96.0
470784.0,-13.096354,96.0
470880.0,-13.505446,96.0
470976.0,-13.483268,96.0
471072.0,-12.838466,96.0
471168.0,-13.753546,96.0
471264.0,-12.648767,96.0
471360.0,-14.320115,96.0
471456.0,-14.258289,96.0
471552.0,-14.158414,96.0
471648.0,-11.663857,96.0
471744.0,-13.888547,96.0
471840.0,-14.118797,96.0
471936.0,-11.535144,96.0
472032.0,-11.906816,96.0
472128.0,-13.647799,96.0
472224.0,-14.043878,96.0
472320.0,-14.428129,96.0
472416.0,-14.465424,96.0
472512.0,-14.699653,96.0
472608.0,-14.586969,96.0
472704.0,-13.178051,96.0
472800.0,-12.198783,96.0
472896.0,-10.170363,96.0
472992.0,-14.266746,96.0
473088.0,-13.993853,96.0
473184.0,-13.689001,96.0
473280.0,-14.388026,96.0
473376.0,-11.749813,96.0
473472.0,-13.407301,96.0
473568.0,-14.529904,96.0
473664.0,-14.163673,96.0
473760.0,-13.130152,96.0
473856.0,-14.125218,96.0
473952.0,-13.578019,96.0
474048.0,-13.863499,96.0
474144.0,-13.342163,96.0
474240.0,-12.451946,96.0
474336.0,-13.372016,96.0
474432.0,-14.429261,96.0
474528.0,-14.265554,96.0
474624.0,-14.390754,96.0
474720.0,-11.761903,96.0
474816.0,-13.404005,96.0
474912.0,-13.380492,96.0
475008.0,-13.94904,96.0
475104.0,-13.851736,96.0
475200.0,-13.409364,96.0
475296.0,-12.22851,96.0
475392.0,-11.489091,96.0
475488.0,-14.098064,96.0
475584.0,-13.01953,96.0
475680.0,-13.273275,96.0
475776.0,-13.730257,96.0
475872.0,-12.804517,96.0
475968.0,-13.247949,96.0
476064.0,-14.171255,96.0
476160.0,-13.976655,96.0
476256.0,-13.06079,96.0
476352.0,-14.516136,96.0
476448.0,-13.953506,96.0
476544.0,-13.792713,96.0
476640.0,-14.105025,96.0
476736.0,-11.853634,96.0
476832.0,-14.320026,96.0
476928.0,-12.497833,96.0
477024.0,-12.046472,96.0
477120.0,-13.691512,96.0
477216.0,-14.558677,96.0
477312.0,-13.070411,96.0
477408.0,-14.337094,96.0
477504.0,-14.025162,96.0
477600.0,-12.78776,96.0
477696.0,-12.948207,96.0
477792.0,-14.472636,96.0
477888.0,-12.581807,96.0
477984.0,-14.435983,96.0
478080.0,-13.586617,96.0
478176.0,-14.648205,96.0
478272.0,-13.721733,96.0
478368.0,-13.44349,96.0
478464.0,-14.441364,96.0
478560.0,-13.684658,96.0
478656.0,-10.84075,96.0
478752.0,-13.888058,96.0
478848.0,-14.44637,96.0
478944.0,-14.505938,96.0
479040.0,-14.576343,96.0
479136.0,-13.153198,96.0
479232.0,-14.132912,96.0
479328.0,-13.710083,96.0
479424.0,-14.458906,96.0
479520.0,-13.377847,96.0
479616.0,-14.197832,96.0
479712.0,-13.54377,96.0
479808.0,-13.805114,96.0
479904.0,-13.262059,96.0
480000.0,-14.522325,96.0
480096.0,-14.14531,96.0
480192.0,-11.933552,96.0
480288.0,-13.900434,96.0
480384.0,-13.369136,96.0
480480.0,-13.82552,96.0
480576.0,-14.74813,96.0
480672.0,-14.468931,96.0
480768.0,-14.309574,96.0
480864.0,-12.811625,96.0
480960.0,-13.202796,96.0
481056.0,-14.056327,96.0
481152.0,-11.187165,96.0
481248.0,-14.35411,96.0
481344.0,-13.946627,96.0
481440.0,-12.460653,96.0
481536.0,-14.156766,96.0
481632.0,-11.115667,96.0
481728.0,-14.366488,96.0
481824.0,-14.401675,96.0
481920.0,-13.633457,96.0
482016.0,-14.67635,96.0
482112.0,-14.228821,96.0
482208.0,-13.37885,96.0
482304.0,-14.003634,96.0
482400.0,-14.5691,96.0
482496.0,-13.077265,96.0
482592.0,-13.470581,96.0
482688.0,-10.826592,96.0
482784.0,-12.811594,96.0
482880.0,-13.83627,96.0
482976.0,-12.951188,96.0
483072.0,-14.225302,96.0
483168.0,-13.202746,96.0
483264.0,-13.033038,96.0
483360.0,-11.821882,96.0
483456.0,-14.250157,96.0
483552.0,-13.917726,96.0
483648.0,-14.441368,96.0
483744.0,-13.786227,96.0
483840.0,-14.266093,96.0
483936.0,-13.236909,96.0
484032.0,-13.153636,96.0
484128.0,-14.339256,96.0
484224.0,-13.954599,96.0
484320.0,-13.407707,96.0
484416.0,-13.451119,96.0
484512.0,-13.85734,96.0
484608.0,-14.227226,96.0
484704.0,-13.397897,96.0
484800.0,-13.966155,96.0
484896.0,-14.457647,96.0
484992.0,-13.585268,96.0
485088.0,-13.624625,96.0
485184.0,-13.959095,96.0
485280.0,-11.190066,96.0
485376.0,-14.763028,96.0
485472.0,-14.329208,96.0
485568.0,-14.143268,96.0
485664.0,-13.325303,96.0
485760.0,-13.355686,96.0
485856.0,-14.230832,96.0
485952.0,-14.136358,96.0
486048.0,-13.695842,96.0
486144.0,-13.48021,96.0
486240.0,-14.144183,96.0
486336.0,-13.178887,96.0
486432.0,-14.48879,96.0
486528.0,-11.689802,96.0
486624.0,-11.865876,96.0
486720.0,-13.666513,96.0
486816.0,-14.430284,96.0
486912.0,-13.595606,96.0
487008.0,-13.871265,96.0
487104.0,-14.201117,96.0
487200.0,-12.880598,96.0
487296.0,-13.113251,96.0
487392.0,-12.221027,96.0
487488.0,-11.668503,96.0
487584.0,-13.278956,96.0
487680.0,-14.316082,96.0
487776.0,-12.966675,96.0
487872.0,-14.452223,96.0
487968.0,-11.363986,96.0
488064.0,-14.428541,96.0
488160.0,-13.969101,96.0
488256.0,-12.560604,96.0
488352.0,-14.231178,96.0
488448.0,-14.166593,96.0
488544.0,-13.008621,96.0
488640.0,-14.470983,96.0
488736.0,-14.511954,96.0
488832.0,-13.16745,96.0
488928.0,-11.140064,96.0
489024.0,-14.038462,96.0
489120.0,-14.387635,96.0
489216.0,-13.826099,96.0
489312.0,-13.551988,96.0
489408.0,-12.680155,96.0
489504.0,-14.029309,96.0
489600.0,-13.550841,96.0
489696.0,-14.417015,96.0
489792.0,-14.361173,96.0
489888.0,-14.16613,96.0
489984.0,-14.536823,96.0
490080.0,-12.223499,96.0
490176.0,-13.42575,96.0
490272.0,-13.778615,96.0
490368.0,-14.559396,96.0
490464.0,-12.526057,96.0
490560.0,-12.905981,96.0
490656.0,-14.531771,96.0
490752.0,-13.006616,96.0
490848.0,-13.663612,96.0
490944.0,-11.736891,96.0
491040.0,-13.984449,96.0
491136.0,-13.742895,96.0
491232.0,-13.555301,96.0
491328.0,-14.32511,96.0
491424.0,-14.640756,96.0
491520.0,-11.73545,96.0
491616.0,-13.725751,96.0
491712.0,-13.733676,96.0
491808.0,-13.617367,96.0
491904.0,-13.281826,96.0
492000.0,-13.075344,96.0
492096.0,-13.570375,96.0
492192.0,-14.397661,96.0
492288.0,-13.902233,96.0
492384.0,-13.26804,96.0
492480.0,-14.015734,96.0
492576.0,-12.582303,96.0
492672.0,-14.298516,96.0
492768.0,-14.263048,96.0
492864.0,-11.418799,96.0
492960.0,-13.439002,96.0
493056.0,-11.316437,96.0
493152.0,-14.52921,96.0
493248.0,-12.698305,96.0
493344.0,-9.34725,96.0
493440.0,-13.76393,96.0
493536.0,-13.294479,96.0
493632.0,-11.987548,96.0
493728.0,-12.423899,96.0
493824.0,-14.475877,96.0
493920.0,-13.517059,96.0
494016.0,-13.409744,96.0
494112.0,-14.086515,96.0
494208.0,-14.193528,96.0
494304.0,-13.430632,96.0
494400.0,-14.441775,96.0
494496.0,-13.356466,96.0
494592.0,-13.980779,96.0
494688.0,-13.686541,96.0
494784.0,-13.060513,96.0
494880.0,-12.683362,96.0
494976.0,-14.614827,96.0
495072.0,-14.693334,96.0
495168.0,-13.099096,96.0
495264.0,-12.998808,96.0
495360.0,-14.580442,96.0
495456.0,-13.023138,96.0
495552.0,-11.670802,96.0
495648.0,-13.025205,96.0
495744.0,-14.319215,96.0
495840.0,-13.343476,96.0
495936.0,-9.956696,96.0
496032.0,-13.225065,96.0
496128.0,-13.768967,96.0
496224.0,-13.405786,96.0
496320.0,-11.306581,96.0
496416.0,-14.113663,96.0
496512.0,-14.476127,96.0
496608.0,-14.438041,96.0
496704.0,-12.280894,96.0
496800.0,-14.121642,96.0
496896.0,-13.368071,96.0
496992.0,-14.173878,96.0
497088.0,-14.516294,96.0
497184.0,-9.820677,96.0
497280.0,-14.475225,96.0
497376.0,-14.42034,96.0
497472.0,-14.10409,96.0
497568.0,-13.386336,96.0
497664.0,-14.211957,96.0
497760.0,-14.185908,96.0
497856.0,-12.728312,96.0
497952.0,-14.515718,96.0
498048.0,-13.23743,96.0
498144.0,-13.78853,96.0
498240.0,-13.500029,96.0
498336.0,-13.381342,96.0
498432.0,-13.878932,96.0
498528.0,-14.498791,96.0
498624.0,-10.193251,96.0
498720.0,-13.454338,96.0
498816.0,-14.219349,96.0
498912.0,-14.086148,96.0
499008.0,-13.970536,96.0
499104.0,-14.064394,96.0
499200.0,-14.753284,96.0
499296.0,-14.367801,96.0
499392.0,-14.221533,96.0
499488.0,-14.28835,96.0
499584.0,-12.497578,96.0
499680.0,-14.082937,96.0
499776.0,-14.588011,96.0
499872.0,-12.587669,96.0
499968.0,-13.45315,96.0
