timesteps,episode_reward,episode_length
96.0,-9.913384,96.0
192.0,-13.747994,96.0
288.0,-12.436133,96.0
384.0,-14.232272,96.0
480.0,-14.349406,96.0
576.0,-14.384294,96.0
672.0,-9.614101,96.0
768.0,-12.774979,96.0
864.0,-13.981815,96.0
960.0,-10.358275,96.0
1056.0,-14.211711,96.0
1152.0,-14.180769,96.0
1248.0,-13.204715,96.0
1344.0,-13.590252,96.0
1440.0,-12.444422,96.0
1536.0,-13.810739,96.0
1632.0,-14.028727,96.0
1728.0,-12.636858,96.0
1824.0,-14.042922,96.0
1920.0,-14.381474,96.0
2016.0,-14.349152,96.0
2112.0,-13.210622,96.0
2208.0,-13.492448,96.0
2304.0,-14.464866,96.0
2400.0,-13.889524,96.0
2496.0,-13.168396,96.0
2592.0,-14.172505,96.0
2688.0,-13.811376,96.0
2784.0,-14.23607,96.0
2880.0,-14.134404,96.0
2976.0,-14.375203,96.0
3072.0,-14.032047,96.0
3168.0,-10.025484,96.0
3264.0,-14.349675,96.0
3360.0,-14.281261,96.0
3456.0,-11.297646,96.0
3552.0,-14.405485,96.0
3648.0,-13.978455,96.0
3744.0,-13.071698,96.0
3840.0,-13.092036,96.0
3936.0,-13.08473,96.0
4032.0,-13.425422,96.0
4128.0,-12.571722,96.0
4224.0,-13.078577,96.0
4320.0,-11.360136,96.0
4416.0,-13.941665,96.0
4512.0,-14.367897,96.0
4608.0,-13.982996,96.0
4704.0,-12.970148,96.0
4800.0,-13.723093,96.0
4896.0,-13.42442,96.0
4992.0,-13.672573,96.0
5088.0,-12.947275,96.0
5184.0,-13.887203,96.0
5280.0,-14.270428,96.0
5376.0,-10.472189,96.0
5472.0,-14.378983,96.0
5568.0,-13.152864,96.0
5664.0,-13.388636,96.0
5760.0,-13.035963,96.0
5856.0,-14.216244,96.0
5952.0,-13.587488,96.0
6048.0,-13.133829,96.0
6144.0,-13.665315,96.0
6240.0,-14.098848,96.0
6336.0,-12.269112,96.0
6432.0,-14.784517,96.0
6528.0,-13.231668,96.0
6624.0,-10.154177,96.0
6720.0,-13.897561,96.0
6816.0,-13.205873,96.0
6912.0,-13.315866,96.0
7008.0,-14.114554,96.0
7104.0,-12.8734,96.0
7200.0,-13.051938,96.0
7296.0,-14.001239,96.0
7392.0,-11.978001,96.0
7488.0,-14.038296,96.0
7584.0,-13.890088,96.0
7680.0,-12.347934,96.0
7776.0,-13.849806,96.0
7872.0,-14.271319,96.0
7968.0,-12.581878,96.0
8064.0,-14.050984,96.0
8160.0,-13.220027,96.0
8256.0,-12.609584,96.0
8352.0,-10.755829,96.0
8448.0,-12.660461,96.0
8544.0,-13.568768,96.0
8640.0,-14.154,96.0
8736.0,-14.29415,96.0
8832.0,-12.829873,96.0
8928.0,-14.014248,96.0
9024.0,-13.081087,96.0
9120.0,-14.219841,96.0
9216.0,-12.875673,96.0
9312.0,-13.866017,96.0
9408.0,-13.018512,96.0
9504.0,-13.24549,96.0
9600.0,-12.688605,96.0
9696.0,-14.134935,96.0
9792.0,-14.079746,96.0
9888.0,-12.817317,96.0
9984.0,-11.284766,96.0
10080.0,-12.895315,96.0
10176.0,-13.871637,96.0
10272.0,-14.001854,96.0
10368.0,-12.012901,96.0
10464.0,-13.860462,96.0
10560.0,-12.096422,96.0
10656.0,-13.050804,96.0
10752.0,-13.998064,96.0
10848.0,-14.343645,96.0
10944.0,-14.278398,96.0
11040.0,-14.34381,96.0
11136.0,-13.977234,96.0
11232.0,-10.68911,96.0
11328.0,-12.538656,96.0
11424.0,-14.298868,96.0
11520.0,-12.626959,96.0
11616.0,-14.311512,96.0
11712.0,-12.334241,96.0
11808.0,-12.317474,96.0
11904.0,-13.854421,96.0
12000.0,-14.379377,96.0
12096.0,-13.867136,96.0
12192.0,-9.208834,96.0
12288.0,-13.964815,96.0
12384.0,-14.423177,96.0
12480.0,-13.267171,96.0
12576.0,-13.905732,96.0
12672.0,-14.426958,96.0
12768.0,-10.051021,96.0
12864.0,-14.257739,96.0
12960.0,-13.38585,96.0
13056.0,-12.229924,96.0
13152.0,-13.801574,96.0
13248.0,-10.854649,96.0
13344.0,-12.93019,96.0
13440.0,-14.214585,96.0
13536.0,-13.835712,96.0
13632.0,-14.170653,96.0
13728.0,-13.098853,96.0
13824.0,-14.035274,96.0
13920.0,-13.429144,96.0
14016.0,-14.152376,96.0
14112.0,-11.131725,96.0
14208.0,-13.660478,96.0
14304.0,-13.653853,96.0
14400.0,-10.298881,96.0
14496.0,-14.33531,96.0
14592.0,-12.695089,96.0
14688.0,-13.927065,96.0
14784.0,-13.333656,96.0
14880.0,-14.308582,96.0
14976.0,-12.159131,96.0
15072.0,-12.72089,96.0
15168.0,-14.283404,96.0
15264.0,-14.291777,96.0
15360.0,-13.939775,96.0
15456.0,-13.680638,96.0
15552.0,-12.071812,96.0
15648.0,-14.135625,96.0
15744.0,-13.953977,96.0
15840.0,-13.958994,96.0
15936.0,-13.350992,96.0
16032.0,-12.335147,96.0
16128.0,-13.330751,96.0
16224.0,-12.03588,96.0
16320.0,-10.804668,96.0
16416.0,-11.405892,96.0
16512.0,-10.089519,96.0
16608.0,-13.590242,96.0
16704.0,-12.876538,96.0
16800.0,-12.673357,96.0
16896.0,-14.231407,96.0
16992.0,-12.588576,96.0
17088.0,-12.852388,96.0
17184.0,-14.449863,96.0
17280.0,-14.405516,96.0
17376.0,-13.990534,96.0
17472.0,-13.392738,96.0
17568.0,-14.217402,96.0
17664.0,-12.718086,96.0
17760.0,-14.299503,96.0
17856.0,-14.338325,96.0
17952.0,-13.187647,96.0
18048.0,-12.830097,96.0
18144.0,-13.820955,96.0
18240.0,-12.259517,96.0
18336.0,-13.000466,96.0
18432.0,-13.097137,96.0
18528.0,-13.720745,96.0
18624.0,-13.023125,96.0
18720.0,-13.452117,96.0
18816.0,-9.879259,96.0
18912.0,-12.397303,96.0
19008.0,-12.800727,96.0
19104.0,-12.288472,96.0
19200.0,-13.445289,96.0
19296.0,-13.073568,96.0
19392.0,-14.477414,96.0
19488.0,-14.235892,96.0
19584.0,-12.647001,96.0
19680.0,-14.371699,96.0
19776.0,-13.709023,96.0
19872.0,-13.759335,96.0
19968.0,-13.838788,96.0
20064.0,-13.581768,96.0
20160.0,-13.925677,96.0
20256.0,-13.520976,96.0
20352.0,-12.736614,96.0
20448.0,-13.795137,96.0
20544.0,-14.429208,96.0
20640.0,-13.38372,96.0
20736.0,-13.591651,96.0
20832.0,-9.242333,96.0
20928.0,-10.593776,96.0
21024.0,-14.258068,96.0
21120.0,-14.618511,96.0
21216.0,-12.721589,96.0
21312.0,-14.43836,96.0
21408.0,-12.482159,96.0
21504.0,-13.935908,96.0
21600.0,-13.022412,96.0
21696.0,-12.302242,96.0
21792.0,-13.294995,96.0
21888.0,-14.088113,96.0
21984.0,-14.305528,96.0
22080.0,-13.78714,96.0
22176.0,-14.090353,96.0
22272.0,-14.471462,96.0
22368.0,-11.09804,96.0
22464.0,-13.360795,96.0
22560.0,-14.198308,96.0
22656.0,-12.705197,96.0
22752.0,-12.150203,96.0
22848.0,-14.142075,96.0
22944.0,-12.489467,96.0
23040.0,-13.584199,96.0
23136.0,-12.752699,96.0
23232.0,-13.469588,96.0
23328.0,-10.291786,96.0
23424.0,-12.668827,96.0
23520.0,-13.51221,96.0
23616.0,-9.416809,96.0
23712.0,-13.380486,96.0
23808.0,-13.965906,96.0
23904.0,-13.697047,96.0
24000.0,-10.669567,96.0
24096.0,-13.511238,96.0
24192.0,-14.269973,96.0
24288.0,-13.277426,96.0
24384.0,-12.075619,96.0
24480.0,-12.070421,96.0
24576.0,-12.811451,96.0
24672.0,-12.901548,96.0
24768.0,-11.390276,96.0
24864.0,-13.689216,96.0
24960.0,-13.541906,96.0
25056.0,-13.434162,96.0
25152.0,-13.410666,96.0
25248.0,-12.319117,96.0
25344.0,-14.36633,96.0
25440.0,-13.585818,96.0
25536.0,-13.687629,96.0
25632.0,-14.377876,96.0
25728.0,-12.966734,96.0
25824.0,-13.439408,96.0
25920.0,-13.752409,96.0
26016.0,-13.335998,96.0
26112.0,-11.144897,96.0
26208.0,-13.393777,96.0
26304.0,-13.546664,96.0
26400.0,-13.981706,96.0
26496.0,-14.389805,96.0
26592.0,-13.947038,96.0
26688.0,-13.866148,96.0
26784.0,-11.403966,96.0
26880.0,-9.343062,96.0
26976.0,-13.138911,96.0
27072.0,-14.347135,96.0
27168.0,-12.27522,96.0
27264.0,-14.126905,96.0
27360.0,-14.200265,96.0
27456.0,-13.888771,96.0
27552.0,-12.701143,96.0
27648.0,-14.096314,96.0
27744.0,-14.264631,96.0
27840.0,-14.007454,96.0
27936.0,-13.151683,96.0
28032.0,-13.681673,96.0
28128.0,-14.419791,96.0
28224.0,-12.073844,96.0
28320.0,-14.337615,96.0
28416.0,-13.911166,96.0
28512.0,-13.931101,96.0
28608.0,-14.336206,96.0
28704.0,-12.736308,96.0
28800.0,-11.184085,96.0
28896.0,-13.007071,96.0
28992.0,-13.896037,96.0
29088.0,-11.332991,96.0
29184.0,-14.152586,96.0
29280.0,-14.248538,96.0
29376.0,-12.632941,96.0
29472.0,-12.139881,96.0
29568.0,-14.447744,96.0
29664.0,-12.799833,96.0
29760.0,-11.761814,96.0
29856.0,-12.016965,96.0
29952.0,-12.428623,96.0
30048.0,-12.799584,96.0
30144.0,-12.741778,96.0
30240.0,-14.195444,96.0
30336.0,-12.156581,96.0
30432.0,-13.207891,96.0
30528.0,-13.301195,96.0
30624.0,-13.862326,96.0
30720.0,-13.890345,96.0
30816.0,-12.349135,96.0
30912.0,-11.731398,96.0
31008.0,-13.35045,96.0
31104.0,-13.953279,96.0
31200.0,-14.15877,96.0
31296.0,-13.832426,96.0
31392.0,-13.68845,96.0
31488.0,-11.046891,96.0
31584.0,-12.651976,96.0
31680.0,-14.298797,96.0
31776.0,-14.332018,96.0
31872.0,-13.129786,96.0
31968.0,-12.615899,96.0
32064.0,-14.078483,96.0
32160.0,-14.354597,96.0
32256.0,-13.260298,96.0
32352.0,-13.556219,96.0
32448.0,-12.661031,96.0
32544.0,-13.904296,96.0
32640.0,-14.524648,96.0
32736.0,-13.203789,96.0
32832.0,-13.164259,96.0
32928.0,-14.007648,96.0
33024.0,-13.908235,96.0
33120.0,-14.792531,96.0
33216.0,-13.218345,96.0
33312.0,-13.504766,96.0
33408.0,-14.098562,96.0
33504.0,-13.644808,96.0
33600.0,-13.101828,96.0
33696.0,-14.212339,96.0
33792.0,-10.684078,96.0
33888.0,-12.532733,96.0
33984.0,-14.20925,96.0
34080.0,-13.818723,96.0
34176.0,-13.515632,96.0
34272.0,-13.386208,96.0
34368.0,-14.058742,96.0
34464.0,-10.052568,96.0
34560.0,-13.300854,96.0
34656.0,-13.931787,96.0
34752.0,-14.124804,96.0
34848.0,-14.20435,96.0
34944.0,-14.085947,96.0
35040.0,-12.658339,96.0
35136.0,-13.734665,96.0
35232.0,-13.825454,96.0
35328.0,-12.756388,96.0
35424.0,-11.109072,96.0
35520.0,-13.725827,96.0
35616.0,-11.977431,96.0
35712.0,-11.998296,96.0
35808.0,-14.010459,96.0
35904.0,-13.030931,96.0
36000.0,-14.419276,96.0
36096.0,-10.392892,96.0
36192.0,-13.19638,96.0
36288.0,-13.380915,96.0
36384.0,-12.876777,96.0
36480.0,-13.515189,96.0
36576.0,-11.279948,96.0
36672.0,-14.053296,96.0
36768.0,-14.117795,96.0
36864.0,-13.992756,96.0
36960.0,-11.17269,96.0
37056.0,-12.838823,96.0
37152.0,-11.390916,96.0
37248.0,-14.066417,96.0
37344.0,-14.016415,96.0
37440.0,-13.473088,96.0
37536.0,-13.241554,96.0
37632.0,-13.604237,96.0
37728.0,-13.132448,96.0
37824.0,-14.164989,96.0
37920.0,-12.874131,96.0
38016.0,-14.435351,96.0
38112.0,-10.520577,96.0
38208.0,-13.831772,96.0
38304.0,-12.787326,96.0
38400.0,-12.513194,96.0
38496.0,-13.774215,96.0
38592.0,-13.809946,96.0
38688.0,-12.352811,96.0
38784.0,-14.043422,96.0
38880.0,-14.321704,96.0
38976.0,-14.370397,96.0
39072.0,-14.263015,96.0
39168.0,-12.756862,96.0
39264.0,-14.130143,96.0
39360.0,-11.169497,96.0
39456.0,-13.637102,96.0
39552.0,-13.996446,96.0
39648.0,-12.820459,96.0
39744.0,-12.956264,96.0
39840.0,-11.407492,96.0
39936.0,-13.013741,96.0
40032.0,-13.863966,96.0
40128.0,-12.946747,96.0
40224.0,-13.17703,96.0
40320.0,-14.328507,96.0
40416.0,-14.43003,96.0
40512.0,-12.74389,96.0
40608.0,-13.855876,96.0
40704.0,-13.768528,96.0
40800.0,-14.00705,96.0
40896.0,-14.072036,96.0
40992.0,-14.222829,96.0
41088.0,-12.870668,96.0
41184.0,-10.856388,96.0
41280.0,-12.521284,96.0
41376.0,-9.343417,96.0
41472.0,-13.182246,96.0
41568.0,-13.97351,96.0
41664.0,-12.803453,96.0
41760.0,-14.215556,96.0
41856.0,-12.839169,96.0
41952.0,-13.833719,96.0
42048.0,-14.488105,96.0
42144.0,-9.200792,96.0
42240.0,-14.097539,96.0
42336.0,-14.034636,96.0
42432.0,-12.152561,96.0
42528.0,-12.933038,96.0
42624.0,-14.107856,96.0
42720.0,-14.108278,96.0
42816.0,-12.098033,96.0
42912.0,-12.65235,96.0
43008.0,-14.256593,96.0
43104.0,-13.869041,96.0
43200.0,-12.777914,96.0
43296.0,-13.488223,96.0
43392.0,-14.298058,96.0
43488.0,-14.256841,96.0
43584.0,-10.776013,96.0
43680.0,-14.100877,96.0
43776.0,-14.40207,96.0
43872.0,-13.065987,96.0
43968.0,-13.163964,96.0
44064.0,-14.08058,96.0
44160.0,-11.519373,96.0
44256.0,-13.088045,96.0
44352.0,-12.592477,96.0
44448.0,-13.337676,96.0
44544.0,-13.961217,96.0
44640.0,-11.241186,96.0
44736.0,-13.653072,96.0
44832.0,-13.077432,96.0
44928.0,-14.094887,96.0
45024.0,-13.466453,96.0
45120.0,-14.209487,96.0
45216.0,-13.198669,96.0
45312.0,-12.901303,96.0
45408.0,-14.197869,96.0
45504.0,-13.948461,96.0
45600.0,-13.120299,96.0
45696.0,-13.77376,96.0
45792.0,-13.966243,96.0
45888.0,-11.013068,96.0
45984.0,-12.176339,96.0
46080.0,-11.862435,96.0
46176.0,-12.78909,96.0
46272.0,-14.048368,96.0
46368.0,-13.992861,96.0
46464.0,-12.871645,96.0
46560.0,-14.154646,96.0
46656.0,-13.633102,96.0
46752.0,-11.936088,96.0
46848.0,-14.28762,96.0
46944.0,-13.673096,96.0
47040.0,-13.700169,96.0
47136.0,-14.232662,96.0
47232.0,-14.139243,96.0
47328.0,-13.244749,96.0
47424.0,-13.95397,96.0
47520.0,-13.000236,96.0
47616.0,-13.930769,96.0
47712.0,-12.784745,96.0
47808.0,-13.077332,96.0
47904.0,-14.398092,96.0
48000.0,-13.679206,96.0
48096.0,-12.79531,96.0
48192.0,-12.466708,96.0
48288.0,-13.364817,96.0
48384.0,-14.198481,96.0
48480.0,-13.227787,96.0
48576.0,-14.339867,96.0
48672.0,-14.16393,96.0
48768.0,-14.259034,96.0
48864.0,-13.715411,96.0
48960.0,-13.681993,96.0
49056.0,-13.426686,96.0
49152.0,-13.326965,96.0
49248.0,-13.981355,96.0
49344.0,-13.545638,96.0
49440.0,-13.465487,96.0
49536.0,-11.387118,96.0
49632.0,-14.505326,96.0
49728.0,-11.389951,96.0
49824.0,-13.954709,96.0
49920.0,-13.955667,96.0
50016.0,-13.015919,96.0
50112.0,-12.854195,96.0
50208.0,-13.531131,96.0
50304.0,-13.872431,96.0
50400.0,-12.59183,96.0
50496.0,-12.679012,96.0
50592.0,-14.314959,96.0
50688.0,-12.822846,96.0
50784.0,-13.744656,96.0
50880.0,-14.131814,96.0
50976.0,-14.126746,96.0
51072.0,-13.157323,96.0
51168.0,-13.282054,96.0
51264.0,-12.679985,96.0
51360.0,-14.298484,96.0
51456.0,-13.380735,96.0
51552.0,-14.383646,96.0
51648.0,-12.585532,96.0
51744.0,-14.210458,96.0
51840.0,-11.061665,96.0
51936.0,-12.333966,96.0
52032.0,-10.539525,96.0
52128.0,-13.664552,96.0
52224.0,-13.650817,96.0
52320.0,-14.096041,96.0
52416.0,-10.697544,96.0
52512.0,-13.957962,96.0
52608.0,-13.777373,96.0
52704.0,-13.890984,96.0
52800.0,-13.007959,96.0
52896.0,-12.751767,96.0
52992.0,-13.769886,96.0
53088.0,-14.003557,96.0
53184.0,-12.687075,96.0
53280.0,-13.877112,96.0
53376.0,-14.297965,96.0
53472.0,-13.224739,96.0
53568.0,-14.484139,96.0
53664.0,-13.406691,96.0
53760.0,-14.056713,96.0
53856.0,-14.008999,96.0
53952.0,-10.556094,96.0
54048.0,-14.236279,96.0
54144.0,-13.476813,96.0
54240.0,-14.282725,96.0
54336.0,-13.626404,96.0
54432.0,-14.010815,96.0
54528.0,-14.099348,96.0
54624.0,-13.148855,96.0
54720.0,-14.136583,96.0
54816.0,-14.360687,96.0
54912.0,-14.033034,96.0
55008.0,-12.691947,96.0
55104.0,-10.426097,96.0
55200.0,-11.269513,96.0
55296.0,-13.163014,96.0
55392.0,-14.352643,96.0
55488.0,-13.990202,96.0
55584.0,-14.007253,96.0
55680.0,-11.200771,96.0
55776.0,-10.224852,96.0
55872.0,-14.09279,96.0
55968.0,-11.402381,96.0
56064.0,-10.85352,96.0
56160.0,-14.078014,96.0
56256.0,-14.325337,96.0
56352.0,-12.897057,96.0
56448.0,-10.999374,96.0
56544.0,-14.05142,96.0
56640.0,-13.976024,96.0
56736.0,-12.559288,96.0
56832.0,-14.647802,96.0
56928.0,-13.772726,96.0
57024.0,-13.9009,96.0
57120.0,-12.43623,96.0
57216.0,-12.7017,96.0
57312.0,-14.113469,96.0
57408.0,-13.888771,96.0
57504.0,-13.580163,96.0
57600.0,-13.204094,96.0
57696.0,-13.537168,96.0
57792.0,-13.835918,96.0
57888.0,-13.263808,96.0
57984.0,-12.726223,96.0
58080.0,-14.015443,96.0
58176.0,-14.041085,96.0
58272.0,-12.27802,96.0
58368.0,-13.898033,96.0
58464.0,-13.634486,96.0
58560.0,-14.424517,96.0
58656.0,-14.033061,96.0
58752.0,-14.110104,96.0
58848.0,-13.90835,96.0
58944.0,-12.946739,96.0
59040.0,-13.033474,96.0
59136.0,-13.182355,96.0
59232.0,-14.058552,96.0
59328.0,-13.782926,96.0
59424.0,-11.053249,96.0
59520.0,-12.659243,96.0
59616.0,-14.270849,96.0
59712.0,-14.145956,96.0
59808.0,-13.062967,96.0
59904.0,-14.024911,96.0
60000.0,-13.852422,96.0
60096.0,-13.735962,96.0
60192.0,-12.210105,96.0
60288.0,-13.140196,96.0
60384.0,-14.292232,96.0
60480.0,-13.132166,96.0
60576.0,-13.278922,96.0
60672.0,-12.157252,96.0
60768.0,-14.312314,96.0
60864.0,-12.898691,96.0
60960.0,-13.544029,96.0
61056.0,-12.971596,96.0
61152.0,-13.70878,96.0
61248.0,-13.053452,96.0
61344.0,-13.638856,96.0
61440.0,-14.290489,96.0
61536.0,-12.384725,96.0
61632.0,-13.803001,96.0
61728.0,-14.312293,96.0
61824.0,-14.443967,96.0
61920.0,-13.750923,96.0
62016.0,-11.980797,96.0
62112.0,-14.229775,96.0
62208.0,-14.053193,96.0
62304.0,-13.38876,96.0
62400.0,-13.887669,96.0
62496.0,-13.990967,96.0
62592.0,-12.395329,96.0
62688.0,-13.902773,96.0
62784.0,-12.813868,96.0
62880.0,-14.465606,96.0
62976.0,-14.179566,96.0
63072.0,-13.804279,96.0
63168.0,-13.02858,96.0
63264.0,-11.228727,96.0
63360.0,-12.892107,96.0
63456.0,-13.741201,96.0
63552.0,-13.252918,96.0
63648.0,-11.201671,96.0
63744.0,-13.949562,96.0
63840.0,-14.021931,96.0
63936.0,-12.767506,96.0
64032.0,-14.241292,96.0
64128.0,-14.400657,96.0
64224.0,-14.051919,96.0
64320.0,-13.000879,96.0
64416.0,-14.448169,96.0
64512.0,-13.446681,96.0
64608.0,-13.178448,96.0
64704.0,-10.536493,96.0
64800.0,-14.029998,96.0
64896.0,-13.233649,96.0
64992.0,-13.899478,96.0
65088.0,-9.588386,96.0
65184.0,-13.997796,96.0
65280.0,-13.998059,96.0
65376.0,-13.095644,96.0
65472.0,-12.678194,96.0
65568.0,-13.422204,96.0
65664.0,-13.47029,96.0
65760.0,-13.389302,96.0
65856.0,-12.585363,96.0
65952.0,-14.008549,96.0
66048.0,-13.858451,96.0
66144.0,-14.312776,96.0
66240.0,-13.948282,96.0
66336.0,-13.643372,96.0
66432.0,-13.287684,96.0
66528.0,-14.291293,96.0
66624.0,-13.942178,96.0
66720.0,-10.108443,96.0
66816.0,-13.33768,96.0
66912.0,-13.000115,96.0
67008.0,-13.720674,96.0
67104.0,-10.869576,96.0
67200.0,-10.524017,96.0
67296.0,-13.910828,96.0
67392.0,-13.491742,96.0
67488.0,-13.388398,96.0
67584.0,-13.535556,96.0
67680.0,-12.80613,96.0
67776.0,-13.796221,96.0
67872.0,-11.389184,96.0
67968.0,-14.139428,96.0
68064.0,-13.964877,96.0
68160.0,-13.953923,96.0
68256.0,-12.977087,96.0
68352.0,-13.992637,96.0
68448.0,-13.258132,96.0
68544.0,-14.028199,96.0
68640.0,-14.016312,96.0
68736.0,-12.386449,96.0
68832.0,-13.812201,96.0
68928.0,-14.191733,96.0
69024.0,-13.647755,96.0
69120.0,-14.125827,96.0
69216.0,-12.776385,96.0
69312.0,-14.297234,96.0
69408.0,-13.793323,96.0
69504.0,-12.798412,96.0
69600.0,-13.813844,96.0
69696.0,-12.685416,96.0
69792.0,-12.978527,96.0
69888.0,-9.841441,96.0
69984.0,-14.148733,96.0
70080.0,-12.169144,96.0
70176.0,-13.34508,96.0
70272.0,-13.872169,96.0
70368.0,-14.139782,96.0
70464.0,-13.76324,96.0
70560.0,-13.872072,96.0
70656.0,-12.3195,96.0
70752.0,-13.176682,96.0
70848.0,-11.930696,96.0
70944.0,-13.251292,96.0
71040.0,-14.294591,96.0
71136.0,-13.525379,96.0
71232.0,-13.935276,96.0
71328.0,-13.061758,96.0
71424.0,-13.579328,96.0
71520.0,-13.318509,96.0
71616.0,-12.958457,96.0
71712.0,-14.238126,96.0
71808.0,-12.846973,96.0
71904.0,-12.66653,96.0
72000.0,-13.204821,96.0
72096.0,-13.423471,96.0
72192.0,-12.891778,96.0
72288.0,-9.84274,96.0
72384.0,-14.041077,96.0
72480.0,-14.448072,96.0
72576.0,-14.228299,96.0
72672.0,-13.315031,96.0
72768.0,-12.835309,96.0
72864.0,-12.602899,96.0
72960.0,-13.299931,96.0
73056.0,-13.715671,96.0
73152.0,-14.456914,96.0
73248.0,-14.305563,96.0
73344.0,-14.031347,96.0
73440.0,-12.932777,96.0
73536.0,-14.022378,96.0
73632.0,-13.346425,96.0
73728.0,-14.373413,96.0
73824.0,-12.705265,96.0
73920.0,-13.013603,96.0
74016.0,-12.479622,96.0
74112.0,-13.568245,96.0
74208.0,-10.91252,96.0
74304.0,-12.669586,96.0
74400.0,-13.885138,96.0
74496.0,-14.560236,96.0
74592.0,-13.718863,96.0
74688.0,-12.876782,96.0
74784.0,-13.658265,96.0
74880.0,-13.990906,96.0
74976.0,-14.503753,96.0
75072.0,-13.228138,96.0
75168.0,-12.746425,96.0
75264.0,-12.889115,96.0
75360.0,-14.219488,96.0
75456.0,-13.592518,96.0
75552.0,-11.242557,96.0
75648.0,-12.931865,96.0
75744.0,-14.257302,96.0
75840.0,-11.575952,96.0
75936.0,-10.387356,96.0
76032.0,-14.447246,96.0
76128.0,-13.035999,96.0
76224.0,-13.951847,96.0
76320.0,-14.165457,96.0
76416.0,-13.184832,96.0
76512.0,-13.732968,96.0
76608.0,-14.386566,96.0
76704.0,-12.78727,96.0
76800.0,-14.097047,96.0
76896.0,-11.447377,96.0
76992.0,-12.147202,96.0
77088.0,-13.866611,96.0
77184.0,-14.06964,96.0
77280.0,-13.245918,96.0
77376.0,-14.085478,96.0
77472.0,-14.252714,96.0
77568.0,-12.183242,96.0
77664.0,-13.399667,96.0
77760.0,-13.60624,96.0
77856.0,-10.649866,96.0
77952.0,-14.478541,96.0
78048.0,-13.008961,96.0
78144.0,-12.763746,96.0
78240.0,-13.814132,96.0
78336.0,-14.094443,96.0
78432.0,-10.909725,96.0
78528.0,-11.5219,96.0
78624.0,-12.176239,96.0
78720.0,-13.790898,96.0
78816.0,-11.13059,96.0
78912.0,-12.08028,96.0
79008.0,-12.857695,96.0
79104.0,-12.763917,96.0
79200.0,-14.134584,96.0
79296.0,-10.054311,96.0
79392.0,-13.035221,96.0
79488.0,-14.254344,96.0
79584.0,-14.365731,96.0
79680.0,-10.861697,96.0
79776.0,-14.457554,96.0
79872.0,-13.92765,96.0
79968.0,-14.435163,96.0
80064.0,-12.742734,96.0
80160.0,-14.26927,96.0
80256.0,-13.879568,96.0
80352.0,-13.280965,96.0
80448.0,-14.118565,96.0
80544.0,-11.437357,96.0
80640.0,-14.096903,96.0
80736.0,-12.940057,96.0
80832.0,-12.200237,96.0
80928.0,-14.310449,96.0
81024.0,-11.297605,96.0
81120.0,-11.061405,96.0
81216.0,-11.15744,96.0
81312.0,-13.332143,96.0
81408.0,-10.447616,96.0
81504.0,-13.60128,96.0
81600.0,-13.623757,96.0
81696.0,-13.98243,96.0
81792.0,-12.629461,96.0
81888.0,-13.512317,96.0
81984.0,-13.800325,96.0
82080.0,-12.740102,96.0
82176.0,-13.907089,96.0
82272.0,-14.399359,96.0
82368.0,-10.586466,96.0
82464.0,-12.304602,96.0
82560.0,-12.534739,96.0
82656.0,-13.763828,96.0
82752.0,-14.456023,96.0
82848.0,-12.862499,96.0
82944.0,-13.610746,96.0
83040.0,-13.867755,96.0
83136.0,-12.724126,96.0
83232.0,-13.717416,96.0
83328.0,-13.979166,96.0
83424.0,-14.400645,96.0
83520.0,-10.936909,96.0
83616.0,-14.317724,96.0
83712.0,-14.003263,96.0
83808.0,-12.680369,96.0
83904.0,-12.65992,96.0
84000.0,-12.657996,96.0
84096.0,-14.275571,96.0
84192.0,-14.209464,96.0
84288.0,-13.367105,96.0
84384.0,-14.259373,96.0
84480.0,-13.204837,96.0
84576.0,-9.774157,96.0
84672.0,-14.124792,96.0
84768.0,-14.42641,96.0
84864.0,-13.289423,96.0
84960.0,-13.376341,96.0
85056.0,-13.347599,96.0
85152.0,-10.627025,96.0
85248.0,-13.560479,96.0
85344.0,-11.184358,96.0
85440.0,-13.660298,96.0
85536.0,-11.134741,96.0
85632.0,-12.196977,96.0
85728.0,-13.930104,96.0
85824.0,-13.947615,96.0
85920.0,-13.233913,96.0
86016.0,-13.362429,96.0
86112.0,-14.212179,96.0
86208.0,-10.427581,96.0
86304.0,-11.252321,96.0
86400.0,-13.53355,96.0
86496.0,-11.184159,96.0
86592.0,-10.80367,96.0
86688.0,-14.130734,96.0
86784.0,-14.431047,96.0
86880.0,-14.299556,96.0
86976.0,-12.207431,96.0
87072.0,-13.965513,96.0
87168.0,-13.555723,96.0
87264.0,-13.252878,96.0
87360.0,-9.927868,96.0
87456.0,-13.77227,96.0
87552.0,-13.43942,96.0
87648.0,-13.07734,96.0
87744.0,-13.911532,96.0
87840.0,-13.87479,96.0
87936.0,-14.36438,96.0
88032.0,-14.301757,96.0
88128.0,-13.927491,96.0
88224.0,-13.333747,96.0
88320.0,-13.154562,96.0
88416.0,-14.415046,96.0
88512.0,-14.250948,96.0
88608.0,-14.297611,96.0
88704.0,-12.840934,96.0
88800.0,-14.182573,96.0
88896.0,-13.96993,96.0
88992.0,-14.222002,96.0
89088.0,-12.282248,96.0
89184.0,-13.934268,96.0
89280.0,-14.186734,96.0
89376.0,-14.112975,96.0
89472.0,-12.61144,96.0
89568.0,-13.341124,96.0
89664.0,-12.827492,96.0
89760.0,-14.151976,96.0
89856.0,-13.813872,96.0
89952.0,-13.184901,96.0
90048.0,-13.127943,96.0
90144.0,-14.250755,96.0
90240.0,-14.128324,96.0
90336.0,-12.900251,96.0
90432.0,-14.080374,96.0
90528.0,-13.751382,96.0
90624.0,-13.895249,96.0
90720.0,-12.854207,96.0
90816.0,-12.800554,96.0
90912.0,-14.074165,96.0
91008.0,-12.891688,96.0
91104.0,-14.280185,96.0
91200.0,-13.030331,96.0
91296.0,-10.153851,96.0
91392.0,-12.352976,96.0
91488.0,-13.396064,96.0
91584.0,-13.782917,96.0
91680.0,-13.864195,96.0
91776.0,-13.382362,96.0
91872.0,-14.146116,96.0
91968.0,-13.255254,96.0
92064.0,-13.95839,96.0
92160.0,-14.003652,96.0
92256.0,-13.463486,96.0
92352.0,-14.002647,96.0
92448.0,-14.076894,96.0
92544.0,-14.256892,96.0
92640.0,-14.479413,96.0
92736.0,-13.59032,96.0
92832.0,-13.990053,96.0
92928.0,-12.79375,96.0
93024.0,-14.130479,96.0
93120.0,-11.194319,96.0
93216.0,-12.842152,96.0
93312.0,-13.947788,96.0
93408.0,-14.167322,96.0
93504.0,-13.969342,96.0
93600.0,-13.051756,96.0
93696.0,-14.059474,96.0
93792.0,-10.456889,96.0
93888.0,-14.251293,96.0
93984.0,-13.187832,96.0
94080.0,-13.945554,96.0
94176.0,-13.733133,96.0
94272.0,-12.791192,96.0
94368.0,-14.400284,96.0
94464.0,-12.964204,96.0
94560.0,-13.519135,96.0
94656.0,-12.547741,96.0
94752.0,-13.494035,96.0
94848.0,-12.805192,96.0
94944.0,-14.336582,96.0
95040.0,-13.890208,96.0
95136.0,-12.377578,96.0
95232.0,-14.406511,96.0
95328.0,-13.905137,96.0
95424.0,-14.13624,96.0
95520.0,-14.29733,96.0
95616.0,-13.945671,96.0
95712.0,-14.310105,96.0
95808.0,-13.077038,96.0
95904.0,-13.297453,96.0
96000.0,-14.16203,96.0
96096.0,-13.257734,96.0
96192.0,-13.110181,96.0
96288.0,-14.303051,96.0
96384.0,-14.401557,96.0
96480.0,-12.642419,96.0
96576.0,-14.162588,96.0
96672.0,-13.986381,96.0
96768.0,-14.344867,96.0
96864.0,-13.355425,96.0
96960.0,-13.935938,96.0
97056.0,-13.770006,96.0
97152.0,-12.526627,96.0
97248.0,-14.358414,96.0
97344.0,-12.69768,96.0
97440.0,-13.862688,96.0
97536.0,-14.126723,96.0
97632.0,-12.904623,96.0
97728.0,-14.297737,96.0
97824.0,-11.070595,96.0
97920.0,-12.722582,96.0
98016.0,-10.765667,96.0
98112.0,-11.244873,96.0
98208.0,-14.237943,96.0
98304.0,-13.986816,96.0
98400.0,-13.88982,96.0
98496.0,-10.925223,96.0
98592.0,-9.387583,96.0
98688.0,-12.83312,96.0
98784.0,-13.833524,96.0
98880.0,-11.948873,96.0
98976.0,-14.318322,96.0
99072.0,-13.544965,96.0
99168.0,-13.4624,96.0
99264.0,-12.754883,96.0
99360.0,-11.306953,96.0
99456.0,-13.415724,96.0
99552.0,-14.715055,96.0
99648.0,-11.33403,96.0
99744.0,-14.272685,96.0
99840.0,-14.054776,96.0
99936.0,-12.378842,96.0
100032.0,-14.500943,96.0
100128.0,-14.107026,96.0
100224.0,-13.139038,96.0
100320.0,-12.185273,96.0
100416.0,-13.231038,96.0
100512.0,-13.793536,96.0
100608.0,-14.090768,96.0
100704.0,-12.225796,96.0
100800.0,-12.658141,96.0
100896.0,-14.175728,96.0
100992.0,-12.891175,96.0
101088.0,-14.286141,96.0
101184.0,-13.560379,96.0
101280.0,-10.06614,96.0
101376.0,-13.573302,96.0
101472.0,-14.423348,96.0
101568.0,-13.566883,96.0
101664.0,-13.771052,96.0
101760.0,-12.619431,96.0
101856.0,-13.806955,96.0
101952.0,-12.893008,96.0
102048.0,-12.799757,96.0
102144.0,-12.278698,96.0
102240.0,-13.381643,96.0
102336.0,-12.970449,96.0
102432.0,-14.444113,96.0
102528.0,-13.260158,96.0
102624.0,-11.931803,96.0
102720.0,-11.141452,96.0
102816.0,-12.803964,96.0
102912.0,-13.931875,96.0
103008.0,-13.365214,96.0
103104.0,-14.253454,96.0
103200.0,-14.040872,96.0
103296.0,-13.078677,96.0
103392.0,-12.173996,96.0
103488.0,-13.261186,96.0
103584.0,-13.952313,96.0
103680.0,-14.139481,96.0
103776.0,-14.108155,96.0
103872.0,-13.609126,96.0
103968.0,-13.631977,96.0
104064.0,-14.323368,96.0
104160.0,-14.036101,96.0
104256.0,-14.176444,96.0
104352.0,-12.661803,96.0
104448.0,-13.4543,96.0
104544.0,-12.582897,96.0
104640.0,-12.60544,96.0
104736.0,-14.312866,96.0
104832.0,-14.378807,96.0
104928.0,-13.969684,96.0
105024.0,-13.601451,96.0
105120.0,-12.007757,96.0
105216.0,-9.182646,96.0
105312.0,-14.14565,96.0
105408.0,-13.242116,96.0
105504.0,-10.847023,96.0
105600.0,-14.245493,96.0
105696.0,-14.415827,96.0
105792.0,-13.874715,96.0
105888.0,-13.981256,96.0
105984.0,-13.348501,96.0
106080.0,-12.385917,96.0
106176.0,-13.450985,96.0
106272.0,-14.166501,96.0
106368.0,-14.658552,96.0
106464.0,-13.84493,96.0
106560.0,-10.72525,96.0
106656.0,-13.052313,96.0
106752.0,-13.780816,96.0
106848.0,-13.518734,96.0
106944.0,-13.352318,96.0
107040.0,-13.650244,96.0
107136.0,-14.116844,96.0
107232.0,-13.587883,96.0
107328.0,-13.52833,96.0
107424.0,-13.049903,96.0
107520.0,-14.171751,96.0
107616.0,-11.621491,96.0
107712.0,-9.394647,96.0
107808.0,-13.656481,96.0
107904.0,-14.131224,96.0
108000.0,-14.134868,96.0
108096.0,-13.970498,96.0
108192.0,-14.299134,96.0
108288.0,-13.16685,96.0
108384.0,-14.337549,96.0
108480.0,-12.798141,96.0
108576.0,-13.994619,96.0
108672.0,-12.410097,96.0
108768.0,-13.44054,96.0
108864.0,-13.780859,96.0
108960.0,-13.347679,96.0
109056.0,-10.875347,96.0
109152.0,-13.181702,96.0
109248.0,-13.161728,96.0
109344.0,-13.476282,96.0
109440.0,-14.081979,96.0
109536.0,-14.599597,96.0
109632.0,-12.246549,96.0
109728.0,-14.36848,96.0
109824.0,-13.804064,96.0
109920.0,-11.98686,96.0
110016.0,-14.434636,96.0
110112.0,-14.21386,96.0
110208.0,-13.830046,96.0
110304.0,-12.971179,96.0
110400.0,-14.080835,96.0
110496.0,-13.257064,96.0
110592.0,-14.367904,96.0
110688.0,-13.965064,96.0
110784.0,-14.365296,96.0
110880.0,-12.41362,96.0
110976.0,-13.568045,96.0
111072.0,-12.887837,96.0
111168.0,-13.980122,96.0
111264.0,-13.083,96.0
111360.0,-12.341556,96.0
111456.0,-13.487768,96.0
111552.0,-14.253184,96.0
111648.0,-13.827173,96.0
111744.0,-14.234691,96.0
111840.0,-13.857883,96.0
111936.0,-11.547389,96.0
112032.0,-11.4496,96.0
112128.0,-14.172542,96.0
112224.0,-13.885925,96.0
112320.0,-13.949412,96.0
112416.0,-13.18124,96.0
112512.0,-13.062588,96.0
112608.0,-13.392465,96.0
112704.0,-13.664506,96.0
112800.0,-11.414984,96.0
112896.0,-12.241031,96.0
112992.0,-12.91205,96.0
113088.0,-13.422587,96.0
113184.0,-13.47158,96.0
113280.0,-11.099988,96.0
113376.0,-13.691463,96.0
113472.0,-14.471676,96.0
113568.0,-12.80988,96.0
113664.0,-14.392664,96.0
113760.0,-13.765325,96.0
113856.0,-12.439198,96.0
113952.0,-12.79278,96.0
114048.0,-14.153211,96.0
114144.0,-13.884911,96.0
114240.0,-11.551196,96.0
114336.0,-14.040585,96.0
114432.0,-13.038972,96.0
114528.0,-13.427637,96.0
114624.0,-12.615697,96.0
114720.0,-14.245464,96.0
114816.0,-13.067034,96.0
114912.0,-12.452111,96.0
115008.0,-13.998264,96.0
115104.0,-12.761681,96.0
115200.0,-14.017442,96.0
115296.0,-14.497148,96.0
115392.0,-14.133869,96.0
115488.0,-13.815776,96.0
115584.0,-13.740066,96.0
115680.0,-12.567954,96.0
115776.0,-14.786547,96.0
115872.0,-13.893802,96.0
115968.0,-12.870782,96.0
116064.0,-12.767298,96.0
116160.0,-13.443467,96.0
116256.0,-14.118039,96.0
116352.0,-13.934488,96.0
116448.0,-14.239677,96.0
116544.0,-14.182313,96.0
116640.0,-10.817545,96.0
116736.0,-12.777369,96.0
116832.0,-14.321827,96.0
116928.0,-13.263164,96.0
117024.0,-13.437437,96.0
117120.0,-14.31845,96.0
117216.0,-12.776062,96.0
117312.0,-14.48765,96.0
117408.0,-13.48602,96.0
117504.0,-12.490664,96.0
117600.0,-14.007271,96.0
117696.0,-13.964038,96.0
117792.0,-11.57816,96.0
117888.0,-13.738601,96.0
117984.0,-13.376892,96.0
118080.0,-12.987093,96.0
118176.0,-13.818163,96.0
118272.0,-13.263114,96.0
118368.0,-13.982886,96.0
118464.0,-13.312568,96.0
118560.0,-13.16253,96.0
118656.0,-12.916306,96.0
118752.0,-10.955914,96.0
118848.0,-12.792772,96.0
118944.0,-12.847455,96.0
119040.0,-11.162336,96.0
119136.0,-14.28184,96.0
119232.0,-13.932519,96.0
119328.0,-13.505212,96.0
119424.0,-14.072687,96.0
119520.0,-14.506262,96.0
119616.0,-13.775841,96.0
119712.0,-14.424981,96.0
119808.0,-14.165369,96.0
119904.0,-12.36709,96.0
120000.0,-14.094015,96.0
120096.0,-13.974885,96.0
120192.0,-13.976745,96.0
120288.0,-10.873992,96.0
120384.0,-13.238747,96.0
120480.0,-12.724433,96.0
120576.0,-9.530283,96.0
120672.0,-14.290623,96.0
120768.0,-14.371716,96.0
120864.0,-14.21552,96.0
120960.0,-12.68261,96.0
121056.0,-13.733761,96.0
121152.0,-14.393796,96.0
121248.0,-14.164586,96.0
121344.0,-13.703281,96.0
121440.0,-13.872645,96.0
121536.0,-11.208805,96.0
121632.0,-10.425405,96.0
121728.0,-13.177031,96.0
121824.0,-14.502854,96.0
121920.0,-10.671346,96.0
122016.0,-13.329117,96.0
122112.0,-11.901884,96.0
122208.0,-14.377087,96.0
122304.0,-12.805254,96.0
122400.0,-13.819038,96.0
122496.0,-12.349358,96.0
122592.0,-12.259912,96.0
122688.0,-13.877628,96.0
122784.0,-11.312648,96.0
122880.0,-14.168128,96.0
122976.0,-13.267077,96.0
123072.0,-13.294741,96.0
123168.0,-13.724377,96.0
123264.0,-12.630451,96.0
123360.0,-12.819009,96.0
123456.0,-10.47352,96.0
123552.0,-14.700357,96.0
123648.0,-13.681686,96.0
123744.0,-11.272621,96.0
123840.0,-14.049234,96.0
123936.0,-13.676272,96.0
124032.0,-14.481962,96.0
124128.0,-14.350762,96.0
124224.0,-10.915497,96.0
124320.0,-14.601491,96.0
124416.0,-13.949047,96.0
124512.0,-13.63803,96.0
124608.0,-13.051432,96.0
124704.0,-14.355486,96.0
124800.0,-11.174059,96.0
124896.0,-13.561597,96.0
124992.0,-14.183932,96.0
125088.0,-12.780447,96.0
125184.0,-14.197253,96.0
125280.0,-13.339923,96.0
125376.0,-12.487642,96.0
125472.0,-13.211409,96.0
125568.0,-13.746697,96.0
125664.0,-14.014461,96.0
125760.0,-14.13974,96.0
125856.0,-14.132987,96.0
125952.0,-12.971207,96.0
126048.0,-13.983293,96.0
126144.0,-14.176185,96.0
126240.0,-14.727012,96.0
126336.0,-12.743263,96.0
126432.0,-12.253923,96.0
126528.0,-13.795725,96.0
126624.0,-14.412491,96.0
126720.0,-14.080573,96.0
126816.0,-12.733699,96.0
126912.0,-13.204698,96.0
127008.0,-14.347029,96.0
127104.0,-14.366172,96.0
127200.0,-14.209571,96.0
127296.0,-13.312096,96.0
127392.0,-13.09734,96.0
127488.0,-9.506033,96.0
127584.0,-12.81433,96.0
127680.0,-12.565835,96.0
127776.0,-14.34451,96.0
127872.0,-12.700431,96.0
127968.0,-13.795708,96.0
128064.0,-13.262668,96.0
128160.0,-14.248457,96.0
128256.0,-13.729624,96.0
128352.0,-13.216436,96.0
128448.0,-13.158275,96.0
128544.0,-13.866406,96.0
128640.0,-13.899811,96.0
128736.0,-14.145193,96.0
128832.0,-12.707548,96.0
128928.0,-12.821629,96.0
129024.0,-14.438109,96.0
129120.0,-13.291538,96.0
129216.0,-13.755004,96.0
129312.0,-14.420946,96.0
129408.0,-12.720164,96.0
129504.0,-13.439088,96.0
129600.0,-14.041991,96.0
129696.0,-10.625457,96.0
129792.0,-13.520536,96.0
129888.0,-14.271079,96.0
129984.0,-13.836036,96.0
130080.0,-14.280604,96.0
130176.0,-14.272254,96.0
130272.0,-12.699789,96.0
130368.0,-12.836808,96.0
130464.0,-11.491987,96.0
130560.0,-13.074673,96.0
130656.0,-9.376157,96.0
130752.0,-11.565269,96.0
130848.0,-13.044481,96.0
130944.0,-14.021262,96.0
131040.0,-14.470848,96.0
131136.0,-11.418498,96.0
131232.0,-12.334499,96.0
131328.0,-14.523487,96.0
131424.0,-13.534202,96.0
131520.0,-13.19333,96.0
131616.0,-14.527211,96.0
131712.0,-12.502726,96.0
131808.0,-14.369282,96.0
131904.0,-13.822555,96.0
132000.0,-14.363806,96.0
132096.0,-13.499888,96.0
132192.0,-13.462402,96.0
132288.0,-13.363462,96.0
132384.0,-14.303516,96.0
132480.0,-14.165297,96.0
132576.0,-13.948898,96.0
132672.0,-12.786975,96.0
132768.0,-12.895454,96.0
132864.0,-14.168162,96.0
132960.0,-13.133335,96.0
133056.0,-13.792584,96.0
133152.0,-14.174573,96.0
133248.0,-12.411327,96.0
133344.0,-14.055755,96.0
133440.0,-14.370685,96.0
133536.0,-12.574089,96.0
133632.0,-14.299144,96.0
133728.0,-13.913114,96.0
133824.0,-13.558995,96.0
133920.0,-14.151394,96.0
134016.0,-13.811028,96.0
134112.0,-13.858952,96.0
134208.0,-12.599175,96.0
134304.0,-11.504273,96.0
134400.0,-12.648827,96.0
134496.0,-14.341703,96.0
134592.0,-13.932204,96.0
134688.0,-12.648591,96.0
134784.0,-12.471267,96.0
134880.0,-13.84609,96.0
134976.0,-13.178528,96.0
135072.0,-13.114451,96.0
135168.0,-14.590928,96.0
135264.0,-10.910271,96.0
135360.0,-12.74737,96.0
135456.0,-11.113905,96.0
135552.0,-13.995058,96.0
135648.0,-14.06347,96.0
135744.0,-13.55647,96.0
135840.0,-13.433567,96.0
135936.0,-13.986905,96.0
136032.0,-13.219759,96.0
136128.0,-14.312302,96.0
136224.0,-14.362065,96.0
136320.0,-14.138355,96.0
136416.0,-14.471279,96.0
136512.0,-13.445704,96.0
136608.0,-13.702645,96.0
136704.0,-12.818783,96.0
136800.0,-13.348814,96.0
136896.0,-13.344794,96.0
136992.0,-12.520473,96.0
137088.0,-14.749031,96.0
137184.0,-13.69844,96.0
137280.0,-13.863052,96.0
137376.0,-13.844921,96.0
137472.0,-13.33676,96.0
137568.0,-13.512217,96.0
137664.0,-13.985918,96.0
137760.0,-12.557155,96.0
137856.0,-11.314256,96.0
137952.0,-13.863077,96.0
138048.0,-12.425517,96.0
138144.0,-12.602177,96.0
138240.0,-14.341135,96.0
138336.0,-14.145113,96.0
138432.0,-14.136109,96.0
138528.0,-14.097057,96.0
138624.0,-14.305976,96.0
138720.0,-12.650628,96.0
138816.0,-11.432221,96.0
138912.0,-13.847685,96.0
139008.0,-13.539102,96.0
139104.0,-13.429939,96.0
139200.0,-11.358802,96.0
139296.0,-13.339485,96.0
139392.0,-11.100837,96.0
139488.0,-10.690133,96.0
139584.0,-14.408147,96.0
139680.0,-14.259894,96.0
139776.0,-11.640404,96.0
139872.0,-13.807885,96.0
139968.0,-14.361402,96.0
140064.0,-13.637182,96.0
140160.0,-13.888715,96.0
140256.0,-13.789515,96.0
140352.0,-12.681277,96.0
140448.0,-10.901733,96.0
140544.0,-10.828735,96.0
140640.0,-14.078497,96.0
140736.0,-12.408423,96.0
140832.0,-13.196927,96.0
140928.0,-12.892561,96.0
141024.0,-13.958333,96.0
141120.0,-10.751401,96.0
141216.0,-14.180641,96.0
141312.0,-12.758316,96.0
141408.0,-14.506618,96.0
141504.0,-13.948859,96.0
141600.0,-14.217609,96.0
141696.0,-12.260646,96.0
141792.0,-14.187793,96.0
141888.0,-13.952271,96.0
141984.0,-13.999181,96.0
142080.0,-13.96845,96.0
142176.0,-13.415872,96.0
142272.0,-10.978159,96.0
142368.0,-13.112385,96.0
142464.0,-12.454875,96.0
142560.0,-14.057942,96.0
142656.0,-14.383677,96.0
142752.0,-12.75213,96.0
142848.0,-11.020815,96.0
142944.0,-12.437195,96.0
143040.0,-14.283532,96.0
143136.0,-13.269318,96.0
143232.0,-14.06705,96.0
143328.0,-11.299251,96.0
143424.0,-12.123992,96.0
143520.0,-14.02816,96.0
143616.0,-14.098272,96.0
143712.0,-14.483885,96.0
143808.0,-13.940901,96.0
143904.0,-13.98423,96.0
144000.0,-14.097114,96.0
144096.0,-14.31827,96.0
144192.0,-13.51223,96.0
144288.0,-13.93866,96.0
144384.0,-12.423041,96.0
144480.0,-14.128047,96.0
144576.0,-14.068806,96.0
144672.0,-13.83158,96.0
144768.0,-14.384223,96.0
144864.0,-14.382752,96.0
144960.0,-13.191065,96.0
145056.0,-12.05277,96.0
145152.0,-14.019873,96.0
145248.0,-13.567258,96.0
145344.0,-12.062654,96.0
145440.0,-14.378807,96.0
145536.0,-14.419794,96.0
145632.0,-14.449967,96.0
145728.0,-10.911613,96.0
145824.0,-14.247212,96.0
145920.0,-14.25287,96.0
146016.0,-14.217509,96.0
146112.0,-12.13672,96.0
146208.0,-13.495712,96.0
146304.0,-13.279178,96.0
146400.0,-13.844017,96.0
146496.0,-10.928495,96.0
146592.0,-12.682293,96.0
146688.0,-12.746347,96.0
146784.0,-11.396934,96.0
146880.0,-14.060881,96.0
146976.0,-10.180849,96.0
147072.0,-11.622254,96.0
147168.0,-14.302332,96.0
147264.0,-13.279708,96.0
147360.0,-13.547872,96.0
147456.0,-11.58789,96.0
147552.0,-13.419835,96.0
147648.0,-12.292976,96.0
147744.0,-12.417167,96.0
147840.0,-13.933921,96.0
147936.0,-13.986591,96.0
148032.0,-13.974675,96.0
148128.0,-9.97796,96.0
148224.0,-13.939292,96.0
148320.0,-13.934945,96.0
148416.0,-13.781613,96.0
148512.0,-13.027474,96.0
148608.0,-13.9389,96.0
148704.0,-14.247987,96.0
148800.0,-11.191207,96.0
148896.0,-12.762874,96.0
148992.0,-14.179029,96.0
149088.0,-14.236719,96.0
149184.0,-13.868831,96.0
149280.0,-14.478779,96.0
149376.0,-13.023629,96.0
149472.0,-14.213084,96.0
149568.0,-13.758261,96.0
149664.0,-13.698557,96.0
149760.0,-14.377259,96.0
149856.0,-13.263948,96.0
149952.0,-13.336697,96.0
150048.0,-14.305969,96.0
150144.0,-14.032314,96.0
150240.0,-14.501157,96.0
150336.0,-14.41729,96.0
150432.0,-13.795807,96.0
150528.0,-13.901752,96.0
150624.0,-14.37879,96.0
150720.0,-13.771517,96.0
150816.0,-9.158429,96.0
150912.0,-13.067057,96.0
151008.0,-13.462191,96.0
151104.0,-13.418813,96.0
151200.0,-13.203444,96.0
151296.0,-12.54295,96.0
151392.0,-14.328928,96.0
151488.0,-12.617124,96.0
151584.0,-12.794237,96.0
151680.0,-14.084063,96.0
151776.0,-13.174002,96.0
151872.0,-14.172908,96.0
151968.0,-13.852773,96.0
152064.0,-14.217789,96.0
152160.0,-13.259163,96.0
152256.0,-12.767842,96.0
152352.0,-13.96125,96.0
152448.0,-9.424739,96.0
152544.0,-14.419779,96.0
152640.0,-11.456663,96.0
152736.0,-13.233899,96.0
152832.0,-12.943813,96.0
152928.0,-12.823514,96.0
153024.0,-11.293036,96.0
153120.0,-12.707781,96.0
153216.0,-13.100865,96.0
153312.0,-12.320344,96.0
153408.0,-13.26768,96.0
153504.0,-13.870904,96.0
153600.0,-12.266015,96.0
153696.0,-12.49395,96.0
153792.0,-13.34135,96.0
153888.0,-13.953886,96.0
153984.0,-12.796899,96.0
154080.0,-12.916687,96.0
154176.0,-14.308872,96.0
154272.0,-13.085486,96.0
154368.0,-13.949836,96.0
154464.0,-13.722624,96.0
154560.0,-12.742826,96.0
154656.0,-13.902158,96.0
154752.0,-12.803806,96.0
154848.0,-12.346445,96.0
154944.0,-12.880256,96.0
155040.0,-10.942624,96.0
155136.0,-13.642682,96.0
155232.0,-13.420841,96.0
155328.0,-14.318144,96.0
155424.0,-12.775039,96.0
155520.0,-13.561495,96.0
155616.0,-13.700715,96.0
155712.0,-11.276589,96.0
155808.0,-14.337414,96.0
155904.0,-11.795175,96.0
156000.0,-14.39844,96.0
156096.0,-13.522719,96.0
156192.0,-14.397401,96.0
156288.0,-13.441318,96.0
156384.0,-13.185369,96.0
156480.0,-12.871864,96.0
156576.0,-14.227808,96.0
156672.0,-14.22637,96.0
156768.0,-10.081529,96.0
156864.0,-14.546722,96.0
156960.0,-14.036899,96.0
157056.0,-14.077887,96.0
157152.0,-13.211815,96.0
157248.0,-14.098097,96.0
157344.0,-13.565411,96.0
157440.0,-13.44516,96.0
157536.0,-12.98839,96.0
157632.0,-10.660792,96.0
157728.0,-14.371949,96.0
157824.0,-14.102126,96.0
157920.0,-12.901473,96.0
158016.0,-13.397284,96.0
158112.0,-12.518843,96.0
158208.0,-12.324455,96.0
158304.0,-14.193063,96.0
158400.0,-14.154346,96.0
158496.0,-13.367957,96.0
158592.0,-11.236429,96.0
158688.0,-10.48227,96.0
158784.0,-14.071317,96.0
158880.0,-13.346479,96.0
158976.0,-13.801589,96.0
159072.0,-13.872435,96.0
159168.0,-14.543719,96.0
159264.0,-14.002326,96.0
159360.0,-13.453914,96.0
159456.0,-13.933896,96.0
159552.0,-13.32898,96.0
159648.0,-13.336661,96.0
159744.0,-14.521818,96.0
159840.0,-14.298425,96.0
159936.0,-14.254766,96.0
160032.0,-13.242622,96.0
160128.0,-13.093353,96.0
160224.0,-14.278855,96.0
160320.0,-13.444835,96.0
160416.0,-13.908901,96.0
160512.0,-13.944296,96.0
160608.0,-13.71821,96.0
160704.0,-13.560064,96.0
160800.0,-12.7779,96.0
160896.0,-13.919066,96.0
160992.0,-13.243693,96.0
161088.0,-13.866315,96.0
161184.0,-14.314324,96.0
161280.0,-13.912979,96.0
161376.0,-13.934279,96.0
161472.0,-11.376914,96.0
161568.0,-11.676996,96.0
161664.0,-13.293923,96.0
161760.0,-13.074394,96.0
161856.0,-13.860211,96.0
161952.0,-13.826457,96.0
162048.0,-14.151001,96.0
162144.0,-13.859006,96.0
162240.0,-10.464636,96.0
162336.0,-13.890791,96.0
162432.0,-14.261004,96.0
162528.0,-12.172294,96.0
162624.0,-14.044953,96.0
162720.0,-12.939795,96.0
162816.0,-13.205348,96.0
162912.0,-13.893465,96.0
163008.0,-13.225661,96.0
163104.0,-13.055564,96.0
163200.0,-13.392059,96.0
163296.0,-13.781488,96.0
163392.0,-13.683345,96.0
163488.0,-13.210426,96.0
163584.0,-14.155328,96.0
163680.0,-14.138294,96.0
163776.0,-14.446392,96.0
163872.0,-13.974399,96.0
163968.0,-13.851096,96.0
164064.0,-14.198198,96.0
164160.0,-14.022398,96.0
164256.0,-12.471628,96.0
164352.0,-13.847484,96.0
164448.0,-14.560943,96.0
164544.0,-13.406173,96.0
164640.0,-13.301232,96.0
164736.0,-14.608604,96.0
164832.0,-13.146475,96.0
164928.0,-12.871568,96.0
165024.0,-14.061942,96.0
165120.0,-13.751291,96.0
165216.0,-10.08609,96.0
165312.0,-13.453217,96.0
165408.0,-12.565896,96.0
165504.0,-13.417038,96.0
165600.0,-14.229967,96.0
165696.0,-13.883089,96.0
165792.0,-14.550041,96.0
165888.0,-13.929096,96.0
165984.0,-14.335159,96.0
166080.0,-11.594196,96.0
166176.0,-13.963821,96.0
166272.0,-14.779275,96.0
166368.0,-12.673589,96.0
166464.0,-14.244034,96.0
166560.0,-14.361403,96.0
166656.0,-12.678354,96.0
166752.0,-14.424377,96.0
166848.0,-11.046378,96.0
166944.0,-11.255132,96.0
167040.0,-14.082358,96.0
167136.0,-14.232422,96.0
167232.0,-13.532048,96.0
167328.0,-14.428079,96.0
167424.0,-11.459657,96.0
167520.0,-13.957074,96.0
167616.0,-13.976949,96.0
167712.0,-13.649492,96.0
167808.0,-13.008256,96.0
167904.0,-12.908306,96.0
168000.0,-12.937439,96.0
168096.0,-14.455746,96.0
168192.0,-14.381322,96.0
168288.0,-13.635427,96.0
168384.0,-14.050544,96.0
168480.0,-13.994361,96.0
168576.0,-12.677234,96.0
168672.0,-13.129102,96.0
168768.0,-13.581062,96.0
168864.0,-14.133257,96.0
168960.0,-13.795357,96.0
169056.0,-12.975185,96.0
169152.0,-13.960002,96.0
169248.0,-12.2182,96.0
169344.0,-14.037193,96.0
169440.0,-14.48381,96.0
169536.0,-14.10044,96.0
169632.0,-14.380457,96.0
169728.0,-13.964145,96.0
169824.0,-11.79266,96.0
169920.0,-13.957012,96.0
170016.0,-12.290513,96.0
170112.0,-12.98136,96.0
170208.0,-13.024566,96.0
170304.0,-13.933024,96.0
170400.0,-13.924522,96.0
170496.0,-12.827554,96.0
170592.0,-12.29961,96.0
170688.0,-12.999901,96.0
170784.0,-12.544351,96.0
170880.0,-13.220986,96.0
170976.0,-10.717064,96.0
171072.0,-12.333353,96.0
171168.0,-11.172793,96.0
171264.0,-14.373393,96.0
171360.0,-13.332362,96.0
171456.0,-14.180774,96.0
171552.0,-14.139965,96.0
171648.0,-11.119982,96.0
171744.0,-13.893407,96.0
171840.0,-13.300501,96.0
171936.0,-13.475012,96.0
172032.0,-14.615008,96.0
172128.0,-12.74414,96.0
172224.0,-13.131315,96.0
172320.0,-14.375803,96.0
172416.0,-13.990254,96.0
172512.0,-14.341297,96.0
172608.0,-13.438411,96.0
172704.0,-14.283978,96.0
172800.0,-13.973261,96.0
172896.0,-11.487216,96.0
172992.0,-13.872995,96.0
173088.0,-14.495102,96.0
173184.0,-13.491197,96.0
173280.0,-12.74203,96.0
173376.0,-10.699413,96.0
173472.0,-11.276939,96.0
173568.0,-14.534106,96.0
173664.0,-10.237729,96.0
173760.0,-13.632645,96.0
173856.0,-14.303672,96.0
173952.0,-12.602776,96.0
174048.0,-12.75776,96.0
174144.0,-14.241527,96.0
174240.0,-14.542648,96.0
174336.0,-12.728803,96.0
174432.0,-13.776867,96.0
174528.0,-13.748925,96.0
174624.0,-12.89422,96.0
174720.0,-13.355177,96.0
174816.0,-12.630047,96.0
174912.0,-13.967288,96.0
175008.0,-12.388177,96.0
175104.0,-14.609621,96.0
175200.0,-13.811397,96.0
175296.0,-14.627467,96.0
175392.0,-11.623176,96.0
175488.0,-13.792173,96.0
175584.0,-13.44417,96.0
175680.0,-13.929422,96.0
175776.0,-13.18949,96.0
175872.0,-14.511339,96.0
175968.0,-13.613372,96.0
176064.0,-11.450779,96.0
176160.0,-14.121058,96.0
176256.0,-12.953681,96.0
176352.0,-13.923498,96.0
176448.0,-12.418002,96.0
176544.0,-14.335525,96.0
176640.0,-14.513027,96.0
176736.0,-13.784554,96.0
176832.0,-10.749766,96.0
176928.0,-13.544539,96.0
177024.0,-13.914249,96.0
177120.0,-13.41933,96.0
177216.0,-13.537647,96.0
177312.0,-14.211533,96.0
177408.0,-14.315347,96.0
177504.0,-13.860392,96.0
177600.0,-13.165291,96.0
177696.0,-9.588868,96.0
177792.0,-13.39529,96.0
177888.0,-14.364614,96.0
177984.0,-12.844727,96.0
178080.0,-11.600309,96.0
178176.0,-14.062388,96.0
178272.0,-13.041076,96.0
178368.0,-13.470892,96.0
178464.0,-14.059129,96.0
178560.0,-13.307896,96.0
178656.0,-13.464124,96.0
178752.0,-13.2901,96.0
178848.0,-13.948453,96.0
178944.0,-13.285926,96.0
179040.0,-14.283709,96.0
179136.0,-14.150849,96.0
179232.0,-12.464901,96.0
179328.0,-13.760414,96.0
179424.0,-11.118392,96.0
179520.0,-13.717247,96.0
179616.0,-11.155201,96.0
179712.0,-13.915723,96.0
179808.0,-13.924998,96.0
179904.0,-13.834265,96.0
180000.0,-14.078118,96.0
180096.0,-12.998622,96.0
180192.0,-13.818553,96.0
180288.0,-14.224012,96.0
180384.0,-13.479846,96.0
180480.0,-11.253081,96.0
180576.0,-13.077495,96.0
180672.0,-13.812843,96.0
180768.0,-13.754761,96.0
180864.0,-13.942416,96.0
180960.0,-13.596616,96.0
181056.0,-13.720977,96.0
181152.0,-12.720522,96.0
181248.0,-14.229555,96.0
181344.0,-11.214129,96.0
181440.0,-14.450396,96.0
181536.0,-13.384421,96.0
181632.0,-14.37047,96.0
181728.0,-14.493121,96.0
181824.0,-12.29253,96.0
181920.0,-12.985931,96.0
182016.0,-14.15083,96.0
182112.0,-14.500267,96.0
182208.0,-14.445091,96.0
182304.0,-13.319281,96.0
182400.0,-12.415426,96.0
182496.0,-14.109984,96.0
182592.0,-14.398721,96.0
182688.0,-13.023375,96.0
182784.0,-14.246582,96.0
182880.0,-12.053294,96.0
182976.0,-14.423023,96.0
183072.0,-13.274428,96.0
183168.0,-12.821192,96.0
183264.0,-11.440579,96.0
183360.0,-13.89094,96.0
183456.0,-11.00872,96.0
183552.0,-14.314047,96.0
183648.0,-11.165241,96.0
183744.0,-14.026031,96.0
183840.0,-12.107259,96.0
183936.0,-13.872797,96.0
184032.0,-12.817682,96.0
184128.0,-14.145267,96.0
184224.0,-14.469789,96.0
184320.0,-14.40816,96.0
184416.0,-13.755181,96.0
184512.0,-14.056624,96.0
184608.0,-14.02202,96.0
184704.0,-14.347549,96.0
184800.0,-13.066595,96.0
184896.0,-13.060605,96.0
184992.0,-12.940622,96.0
185088.0,-12.986601,96.0
185184.0,-13.52849,96.0
185280.0,-14.520506,96.0
185376.0,-10.208948,96.0
185472.0,-14.46175,96.0
185568.0,-14.171647,96.0
185664.0,-14.581856,96.0
185760.0,-12.988766,96.0
185856.0,-13.107783,96.0
185952.0,-13.215815,96.0
186048.0,-14.421966,96.0
186144.0,-13.520383,96.0
186240.0,-14.048932,96.0
186336.0,-13.173226,96.0
186432.0,-13.566053,96.0
186528.0,-14.527636,96.0
186624.0,-11.77604,96.0
186720.0,-12.984493,96.0
186816.0,-13.001575,96.0
186912.0,-13.328438,96.0
187008.0,-14.099894,96.0
187104.0,-11.27026,96.0
187200.0,-12.540616,96.0
187296.0,-13.905127,96.0
187392.0,-13.727187,96.0
187488.0,-11.675467,96.0
187584.0,-14.224262,96.0
187680.0,-14.031699,96.0
187776.0,-14.300557,96.0
187872.0,-14.34583,96.0
187968.0,-14.266269,96.0
188064.0,-12.415006,96.0
188160.0,-13.276643,96.0
188256.0,-14.206247,96.0
188352.0,-13.670375,96.0
188448.0,-12.821474,96.0
188544.0,-13.677003,96.0
188640.0,-13.624402,96.0
188736.0,-13.642387,96.0
188832.0,-13.202855,96.0
188928.0,-14.008532,96.0
189024.0,-14.018684,96.0
189120.0,-13.432399,96.0
189216.0,-14.218828,96.0
189312.0,-14.150999,96.0
189408.0,-13.376631,96.0
189504.0,-12.543201,96.0
189600.0,-14.303586,96.0
189696.0,-11.104565,96.0
189792.0,-14.369187,96.0
189888.0,-12.508756,96.0
189984.0,-11.042833,96.0
190080.0,-13.427957,96.0
190176.0,-12.295492,96.0
190272.0,-14.213113,96.0
190368.0,-11.033291,96.0
190464.0,-13.304697,96.0
190560.0,-13.26689,96.0
190656.0,-13.4045,96.0
190752.0,-13.967907,96.0
190848.0,-14.155759,96.0
190944.0,-14.075737,96.0
191040.0,-14.369556,96.0
191136.0,-14.228172,96.0
191232.0,-14.360757,96.0
191328.0,-12.948374,96.0
191424.0,-13.325249,96.0
191520.0,-13.275054,96.0
191616.0,-11.103648,96.0
191712.0,-14.444632,96.0
191808.0,-13.575855,96.0
191904.0,-12.869475,96.0
192000.0,-12.883294,96.0
192096.0,-14.635456,96.0
192192.0,-11.517257,96.0
192288.0,-14.219928,96.0
192384.0,-14.411857,96.0
192480.0,-12.796151,96.0
192576.0,-12.902917,96.0
192672.0,-14.370008,96.0
192768.0,-13.402348,96.0
192864.0,-14.006531,96.0
192960.0,-13.206758,96.0
193056.0,-14.311728,96.0
193152.0,-13.796305,96.0
193248.0,-13.387247,96.0
193344.0,-14.29079,96.0
193440.0,-13.052697,96.0
193536.0,-12.726101,96.0
193632.0,-14.083338,96.0
193728.0,-13.236926,96.0
193824.0,-12.808931,96.0
193920.0,-14.251585,96.0
194016.0,-12.270723,96.0
194112.0,-12.249339,96.0
194208.0,-12.316426,96.0
194304.0,-14.143588,96.0
194400.0,-11.619661,96.0
194496.0,-13.862608,96.0
194592.0,-13.447119,96.0
194688.0,-14.562068,96.0
194784.0,-14.231123,96.0
194880.0,-12.510159,96.0
194976.0,-14.343517,96.0
195072.0,-13.888296,96.0
195168.0,-10.130663,96.0
195264.0,-13.169093,96.0
195360.0,-13.743899,96.0
195456.0,-13.882378,96.0
195552.0,-13.462651,96.0
195648.0,-11.516869,96.0
195744.0,-13.715523,96.0
195840.0,-14.366369,96.0
195936.0,-13.066255,96.0
196032.0,-14.097508,96.0
196128.0,-13.44389,96.0
196224.0,-13.230785,96.0
196320.0,-13.04801,96.0
196416.0,-13.484314,96.0
196512.0,-14.439015,96.0
196608.0,-14.153875,96.0
196704.0,-13.24194,96.0
196800.0,-12.180069,96.0
196896.0,-13.528791,96.0
196992.0,-12.394208,96.0
197088.0,-13.073892,96.0
197184.0,-14.254404,96.0
197280.0,-12.609091,96.0
197376.0,-13.285397,96.0
197472.0,-13.268739,96.0
197568.0,-13.330276,96.0
197664.0,-14.103565,96.0
197760.0,-14.216759,96.0
197856.0,-14.296171,96.0
197952.0,-14.102674,96.0
198048.0,-13.268378,96.0
198144.0,-12.917361,96.0
198240.0,-13.726343,96.0
198336.0,-14.19139,96.0
198432.0,-13.325396,96.0
198528.0,-14.702761,96.0
198624.0,-11.951515,96.0
198720.0,-13.873862,96.0
198816.0,-13.394068,96.0
198912.0,-13.243645,96.0
199008.0,-14.248077,96.0
199104.0,-12.493565,96.0
199200.0,-12.841188,96.0
199296.0,-14.034833,96.0
199392.0,-14.204568,96.0
199488.0,-14.344675,96.0
199584.0,-13.566185,96.0
199680.0,-12.948107,96.0
199776.0,-13.983218,96.0
199872.0,-10.004827,96.0
199968.0,-12.44902,96.0
200064.0,-12.427078,96.0
200160.0,-12.955458,96.0
200256.0,-12.382542,96.0
200352.0,-13.372035,96.0
200448.0,-12.172692,96.0
200544.0,-12.419166,96.0
200640.0,-11.550074,96.0
200736.0,-14.320543,96.0
200832.0,-12.370939,96.0
200928.0,-12.960839,96.0
201024.0,-13.954697,96.0
201120.0,-12.87113,96.0
201216.0,-14.090036,96.0
201312.0,-13.881438,96.0
201408.0,-14.412424,96.0
201504.0,-13.129549,96.0
201600.0,-14.530586,96.0
201696.0,-13.832985,96.0
201792.0,-12.491308,96.0
201888.0,-13.711145,96.0
201984.0,-13.120084,96.0
202080.0,-14.483186,96.0
202176.0,-13.226661,96.0
202272.0,-13.843464,96.0
202368.0,-12.654406,96.0
202464.0,-12.835757,96.0
202560.0,-12.766654,96.0
202656.0,-12.772464,96.0
202752.0,-12.883557,96.0
202848.0,-13.85725,96.0
202944.0,-14.229996,96.0
203040.0,-13.543911,96.0
203136.0,-14.135407,96.0
203232.0,-13.470826,96.0
203328.0,-14.312979,96.0
203424.0,-14.290371,96.0
203520.0,-12.8853,96.0
203616.0,-14.040208,96.0
203712.0,-14.669108,96.0
203808.0,-13.581777,96.0
203904.0,-13.431349,96.0
204000.0,-13.63948,96.0
204096.0,-13.349215,96.0
204192.0,-12.660187,96.0
204288.0,-14.224341,96.0
204384.0,-11.87341,96.0
204480.0,-12.462319,96.0
204576.0,-12.960855,96.0
204672.0,-14.380212,96.0
204768.0,-13.850793,96.0
204864.0,-14.356091,96.0
204960.0,-14.419195,96.0
205056.0,-13.095034,96.0
205152.0,-14.274442,96.0
205248.0,-11.786534,96.0
205344.0,-14.284742,96.0
205440.0,-14.361146,96.0
205536.0,-12.823649,96.0
205632.0,-14.516755,96.0
205728.0,-13.53224,96.0
205824.0,-13.371082,96.0
205920.0,-13.154963,96.0
206016.0,-14.299936,96.0
206112.0,-13.925525,96.0
206208.0,-14.126295,96.0
206304.0,-13.985031,96.0
206400.0,-14.194565,96.0
206496.0,-12.216904,96.0
206592.0,-12.465207,96.0
206688.0,-14.534814,96.0
206784.0,-14.44577,96.0
206880.0,-12.494486,96.0
206976.0,-14.187339,96.0
207072.0,-14.183011,96.0
207168.0,-13.103228,96.0
207264.0,-13.538846,96.0
207360.0,-12.160611,96.0
207456.0,-13.522415,96.0
207552.0,-14.380921,96.0
207648.0,-14.225381,96.0
207744.0,-13.885795,96.0
207840.0,-14.542477,96.0
207936.0,-14.398852,96.0
208032.0,-12.998119,96.0
208128.0,-13.917477,96.0
208224.0,-14.1158,96.0
208320.0,-14.210846,96.0
208416.0,-11.453793,96.0
208512.0,-13.543209,96.0
208608.0,-13.751589,96.0
208704.0,-14.023512,96.0
208800.0,-13.777865,96.0
208896.0,-14.060373,96.0
208992.0,-11.651435,96.0
209088.0,-14.441911,96.0
209184.0,-14.125924,96.0
209280.0,-14.44346,96.0
209376.0,-12.835843,96.0
209472.0,-13.961714,96.0
209568.0,-13.827743,96.0
209664.0,-13.3169,96.0
209760.0,-13.2178,96.0
209856.0,-13.066577,96.0
209952.0,-12.408475,96.0
210048.0,-13.543912,96.0
210144.0,-14.213811,96.0
210240.0,-13.6818,96.0
210336.0,-13.095615,96.0
210432.0,-13.948555,96.0
210528.0,-12.846176,96.0
210624.0,-14.264407,96.0
210720.0,-12.288102,96.0
210816.0,-13.632449,96.0
210912.0,-13.212768,96.0
211008.0,-14.556854,96.0
211104.0,-14.088815,96.0
211200.0,-13.362116,96.0
211296.0,-13.18225,96.0
211392.0,-11.697571,96.0
211488.0,-11.314938,96.0
211584.0,-12.282807,96.0
211680.0,-14.426792,96.0
211776.0,-12.753323,96.0
211872.0,-12.932656,96.0
211968.0,-14.24343,96.0
212064.0,-13.629091,96.0
212160.0,-12.893456,96.0
212256.0,-12.73105,96.0
212352.0,-13.921928,96.0
212448.0,-13.77383,96.0
212544.0,-12.973881,96.0
212640.0,-13.028551,96.0
212736.0,-13.526704,96.0
212832.0,-14.328968,96.0
212928.0,-13.83453,96.0
213024.0,-12.91402,96.0
213120.0,-13.527512,96.0
213216.0,-14.04355,96.0
213312.0,-13.451019,96.0
213408.0,-12.005589,96.0
213504.0,-13.679845,96.0
213600.0,-14.295698,96.0
213696.0,-13.886435,96.0
213792.0,-14.665307,96.0
213888.0,-14.211576,96.0
213984.0,-13.147417,96.0
214080.0,-14.002192,96.0
214176.0,-13.118511,96.0
214272.0,-11.855544,96.0
214368.0,-13.947206,96.0
214464.0,-12.858824,96.0
214560.0,-13.703035,96.0
214656.0,-13.813546,96.0
214752.0,-14.289891,96.0
214848.0,-13.802105,96.0
214944.0,-14.137046,96.0
215040.0,-14.421947,96.0
215136.0,-14.317909,96.0
215232.0,-12.3462,96.0
215328.0,-14.491042,96.0
215424.0,-12.840385,96.0
215520.0,-12.299442,96.0
215616.0,-14.214293,96.0
215712.0,-14.505593,96.0
215808.0,-13.924356,96.0
215904.0,-13.427945,96.0
216000.0,-13.820142,96.0
216096.0,-14.349177,96.0
216192.0,-14.432401,96.0
216288.0,-14.339497,96.0
216384.0,-14.419655,96.0
216480.0,-13.483279,96.0
216576.0,-13.398555,96.0
216672.0,-13.188485,96.0
216768.0,-12.548737,96.0
216864.0,-11.114205,96.0
216960.0,-13.611619,96.0
217056.0,-11.386856,96.0
217152.0,-13.999935,96.0
217248.0,-11.555414,96.0
217344.0,-13.822263,96.0
217440.0,-11.74876,96.0
217536.0,-10.538669,96.0
217632.0,-13.344346,96.0
217728.0,-13.395974,96.0
217824.0,-12.957472,96.0
217920.0,-14.270202,96.0
218016.0,-12.489408,96.0
218112.0,-12.805762,96.0
218208.0,-13.26652,96.0
218304.0,-14.440936,96.0
218400.0,-13.881247,96.0
218496.0,-13.734522,96.0
218592.0,-14.022744,96.0
218688.0,-10.78588,96.0
218784.0,-13.402461,96.0
218880.0,-12.786178,96.0
218976.0,-14.12465,96.0
219072.0,-13.276766,96.0
219168.0,-12.535308,96.0
219264.0,-13.982403,96.0
219360.0,-13.327638,96.0
219456.0,-14.163265,96.0
219552.0,-14.813191,96.0
219648.0,-13.848702,96.0
219744.0,-13.968308,96.0
219840.0,-14.121352,96.0
219936.0,-13.962215,96.0
220032.0,-12.518421,96.0
220128.0,-13.805414,96.0
220224.0,-13.570203,96.0
220320.0,-12.601647,96.0
220416.0,-12.728989,96.0
220512.0,-13.43182,96.0
220608.0,-14.232727,96.0
220704.0,-14.349254,96.0
220800.0,-14.039464,96.0
220896.0,-13.755749,96.0
220992.0,-12.8503,96.0
221088.0,-14.04692,96.0
221184.0,-14.622323,96.0
221280.0,-13.873027,96.0
221376.0,-10.803323,96.0
221472.0,-12.432355,96.0
221568.0,-13.420691,96.0
221664.0,-12.572955,96.0
221760.0,-14.203708,96.0
221856.0,-12.854606,96.0
221952.0,-11.812589,96.0
222048.0,-14.181406,96.0
222144.0,-10.970674,96.0
222240.0,-14.237161,96.0
222336.0,-11.137046,96.0
222432.0,-9.903425,96.0
222528.0,-14.417699,96.0
222624.0,-14.067031,96.0
222720.0,-13.983708,96.0
222816.0,-10.979223,96.0
222912.0,-11.527862,96.0
223008.0,-12.389388,96.0
223104.0,-12.598528,96.0
223200.0,-13.517706,96.0
223296.0,-13.965548,96.0
223392.0,-12.515855,96.0
223488.0,-13.340742,96.0
223584.0,-11.743936,96.0
223680.0,-13.076729,96.0
223776.0,-12.181898,96.0
223872.0,-14.453973,96.0
223968.0,-13.888025,96.0
224064.0,-14.0125,96.0
224160.0,-14.536834,96.0
224256.0,-14.195703,96.0
224352.0,-14.502609,96.0
224448.0,-13.699365,96.0
224544.0,-10.961088,96.0
224640.0,-10.27255,96.0
224736.0,-13.810593,96.0
224832.0,-14.121971,96.0
224928.0,-14.417421,96.0
225024.0,-13.391632,96.0
225120.0,-13.634023,96.0
225216.0,-13.501365,96.0
225312.0,-12.310258,96.0
225408.0,-13.47262,96.0
225504.0,-13.994692,96.0
225600.0,-14.38056,96.0
225696.0,-14.21436,96.0
225792.0,-13.378009,96.0
225888.0,-12.798528,96.0
225984.0,-14.223207,96.0
226080.0,-12.797966,96.0
226176.0,-13.175808,96.0
226272.0,-14.067684,96.0
226368.0,-14.247781,96.0
226464.0,-14.262487,96.0
226560.0,-13.942921,96.0
226656.0,-13.02242,96.0
226752.0,-13.222115,96.0
226848.0,-13.502036,96.0
226944.0,-13.01829,96.0
227040.0,-13.710865,96.0
227136.0,-10.630217,96.0
227232.0,-12.304978,96.0
227328.0,-13.740764,96.0
227424.0,-13.013273,96.0
227520.0,-13.870275,96.0
227616.0,-11.225104,96.0
227712.0,-13.989758,96.0
227808.0,-11.75033,96.0
227904.0,-14.244859,96.0
228000.0,-12.938307,96.0
228096.0,-13.577705,96.0
228192.0,-14.323226,96.0
228288.0,-12.855126,96.0
228384.0,-13.792708,96.0
228480.0,-12.615487,96.0
228576.0,-13.748014,96.0
228672.0,-14.469068,96.0
228768.0,-14.071975,96.0
228864.0,-13.896514,96.0
228960.0,-13.539763,96.0
229056.0,-14.598641,96.0
229152.0,-14.559172,96.0
229248.0,-14.333932,96.0
229344.0,-14.329216,96.0
229440.0,-14.560688,96.0
229536.0,-14.494412,96.0
229632.0,-13.6011,96.0
229728.0,-13.69992,96.0
229824.0,-14.426556,96.0
229920.0,-13.970393,96.0
230016.0,-12.435366,96.0
230112.0,-14.112626,96.0
230208.0,-13.10802,96.0
230304.0,-13.682848,96.0
230400.0,-13.394043,96.0
230496.0,-11.330874,96.0
230592.0,-13.952322,96.0
230688.0,-13.592007,96.0
230784.0,-14.366156,96.0
230880.0,-13.053207,96.0
230976.0,-14.093218,96.0
231072.0,-13.429988,96.0
231168.0,-12.32143,96.0
231264.0,-14.241615,96.0
231360.0,-12.202058,96.0
231456.0,-14.330293,96.0
231552.0,-10.966481,96.0
231648.0,-14.361307,96.0
231744.0,-13.99861,96.0
231840.0,-13.477174,96.0
231936.0,-14.354312,96.0
232032.0,-13.904538,96.0
232128.0,-13.688472,96.0
232224.0,-13.031014,96.0
232320.0,-14.094332,96.0
232416.0,-13.502049,96.0
232512.0,-13.509586,96.0
232608.0,-11.683491,96.0
232704.0,-14.081714,96.0
232800.0,-13.303044,96.0
232896.0,-14.093159,96.0
232992.0,-13.330665,96.0
233088.0,-13.126844,96.0
233184.0,-13.350722,96.0
233280.0,-13.735143,96.0
233376.0,-13.24147,96.0
233472.0,-14.007025,96.0
233568.0,-12.921639,96.0
233664.0,-13.03719,96.0
233760.0,-14.469709,96.0
233856.0,-13.889224,96.0
233952.0,-13.422586,96.0
234048.0,-13.379683,96.0
234144.0,-13.885568,96.0
234240.0,-12.171926,96.0
234336.0,-13.165328,96.0
234432.0,-11.202045,96.0
234528.0,-11.821308,96.0
234624.0,-14.161701,96.0
234720.0,-14.251129,96.0
234816.0,-14.198951,96.0
234912.0,-13.852208,96.0
235008.0,-13.365757,96.0
235104.0,-13.94681,96.0
235200.0,-13.734821,96.0
235296.0,-14.224457,96.0
235392.0,-14.267882,96.0
235488.0,-10.648008,96.0
235584.0,-13.897445,96.0
235680.0,-14.209967,96.0
235776.0,-14.122734,96.0
235872.0,-13.992967,96.0
235968.0,-14.113939,96.0
236064.0,-14.006986,96.0
236160.0,-11.58275,96.0
236256.0,-12.675746,96.0
236352.0,-14.313621,96.0
236448.0,-14.043233,96.0
236544.0,-13.626324,96.0
236640.0,-14.252056,96.0
236736.0,-13.869062,96.0
236832.0,-12.665699,96.0
236928.0,-13.292609,96.0
237024.0,-11.535814,96.0
237120.0,-14.248775,96.0
237216.0,-14.109979,96.0
237312.0,-11.225686,96.0
237408.0,-14.197327,96.0
237504.0,-14.095715,96.0
237600.0,-11.55487,96.0
237696.0,-13.778985,96.0
237792.0,-14.036337,96.0
237888.0,-13.873505,96.0
237984.0,-9.850436,96.0
238080.0,-13.049636,96.0
238176.0,-12.81589,96.0
238272.0,-14.540893,96.0
238368.0,-13.681609,96.0
238464.0,-12.710575,96.0
238560.0,-12.765018,96.0
238656.0,-13.001322,96.0
238752.0,-14.380389,96.0
238848.0,-11.133804,96.0
238944.0,-14.32483,96.0
239040.0,-13.306557,96.0
239136.0,-12.600405,96.0
239232.0,-13.847643,96.0
239328.0,-14.63472,96.0
239424.0,-13.40732,96.0
239520.0,-14.115855,96.0
239616.0,-14.14797,96.0
239712.0,-12.680635,96.0
239808.0,-14.429068,96.0
239904.0,-11.804328,96.0
240000.0,-14.592604,96.0
240096.0,-12.84788,96.0
240192.0,-11.234719,96.0
240288.0,-13.349727,96.0
240384.0,-11.821915,96.0
240480.0,-11.022288,96.0
240576.0,-13.142726,96.0
240672.0,-14.391699,96.0
240768.0,-13.940692,96.0
240864.0,-14.168045,96.0
240960.0,-13.221891,96.0
241056.0,-14.171055,96.0
241152.0,-14.298862,96.0
241248.0,-13.498446,96.0
241344.0,-13.437911,96.0
241440.0,-11.681968,96.0
241536.0,-13.756253,96.0
241632.0,-13.219539,96.0
241728.0,-14.422784,96.0
241824.0,-12.824377,96.0
241920.0,-13.797551,96.0
242016.0,-14.23251,96.0
242112.0,-11.43529,96.0
242208.0,-14.119164,96.0
242304.0,-14.327344,96.0
242400.0,-11.318889,96.0
242496.0,-12.573984,96.0
242592.0,-13.872484,96.0
242688.0,-14.402698,96.0
242784.0,-9.997352,96.0
242880.0,-14.498832,96.0
242976.0,-13.92639,96.0
243072.0,-13.360843,96.0
243168.0,-14.485549,96.0
243264.0,-13.539227,96.0
243360.0,-12.760562,96.0
243456.0,-14.209927,96.0
243552.0,-12.360903,96.0
243648.0,-14.419612,96.0
243744.0,-14.419641,96.0
243840.0,-14.408838,96.0
243936.0,-13.153371,96.0
244032.0,-14.089499,96.0
244128.0,-14.168196,96.0
244224.0,-13.069465,96.0
244320.0,-13.240987,96.0
244416.0,-14.209015,96.0
244512.0,-13.567018,96.0
244608.0,-13.585834,96.0
244704.0,-13.873432,96.0
244800.0,-12.984237,96.0
244896.0,-12.637968,96.0
244992.0,-12.574046,96.0
245088.0,-14.371802,96.0
245184.0,-13.654219,96.0
245280.0,-14.043404,96.0
245376.0,-11.58912,96.0
245472.0,-12.711677,96.0
245568.0,-14.241536,96.0
245664.0,-11.55433,96.0
245760.0,-13.779401,96.0
245856.0,-14.47625,96.0
245952.0,-13.1939,96.0
246048.0,-12.377789,96.0
246144.0,-14.130782,96.0
246240.0,-14.379935,96.0
246336.0,-14.247733,96.0
246432.0,-12.716596,96.0
246528.0,-13.280724,96.0
246624.0,-13.14437,96.0
246720.0,-14.528762,96.0
246816.0,-12.78484,96.0
246912.0,-14.355068,96.0
247008.0,-13.504346,96.0
247104.0,-13.55261,96.0
247200.0,-13.951654,96.0
247296.0,-12.222205,96.0
247392.0,-13.787352,96.0
247488.0,-14.587919,96.0
247584.0,-13.88956,96.0
247680.0,-13.988877,96.0
247776.0,-13.043367,96.0
247872.0,-14.210152,96.0
247968.0,-13.369553,96.0
248064.0,-12.483508,96.0
248160.0,-13.35212,96.0
248256.0,-14.387276,96.0
248352.0,-13.501002,96.0
248448.0,-12.613341,96.0
248544.0,-13.860364,96.0
248640.0,-12.958726,96.0
248736.0,-11.727594,96.0
248832.0,-13.174967,96.0
248928.0,-14.346625,96.0
249024.0,-10.706824,96.0
249120.0,-12.397391,96.0
249216.0,-13.18071,96.0
249312.0,-14.441777,96.0
249408.0,-13.236799,96.0
249504.0,-13.839988,96.0
249600.0,-13.160472,96.0
249696.0,-14.342484,96.0
249792.0,-14.256192,96.0
249888.0,-14.070038,96.0
249984.0,-14.039241,96.0
250080.0,-13.805176,96.0
250176.0,-13.403082,96.0
250272.0,-14.31833,96.0
250368.0,-13.571205,96.0
250464.0,-14.294555,96.0
250560.0,-14.14511,96.0
250656.0,-14.051716,96.0
250752.0,-14.554276,96.0
250848.0,-13.686773,96.0
250944.0,-14.159318,96.0
251040.0,-11.728019,96.0
251136.0,-12.542501,96.0
251232.0,-13.577492,96.0
251328.0,-11.133444,96.0
251424.0,-12.381047,96.0
251520.0,-14.104114,96.0
251616.0,-14.052315,96.0
251712.0,-13.794822,96.0
251808.0,-11.66871,96.0
251904.0,-14.414869,96.0
252000.0,-14.249728,96.0
252096.0,-14.320426,96.0
252192.0,-14.127514,96.0
252288.0,-11.360654,96.0
252384.0,-13.577515,96.0
252480.0,-11.616529,96.0
252576.0,-14.118916,96.0
252672.0,-13.379796,96.0
252768.0,-13.921761,96.0
252864.0,-14.010508,96.0
252960.0,-9.642925,96.0
253056.0,-11.708211,96.0
253152.0,-12.259911,96.0
253248.0,-13.491117,96.0
253344.0,-13.621863,96.0
253440.0,-14.263309,96.0
253536.0,-13.92917,96.0
253632.0,-14.377762,96.0
253728.0,-14.199618,96.0
253824.0,-14.178657,96.0
253920.0,-14.519446,96.0
254016.0,-11.339875,96.0
254112.0,-13.979872,96.0
254208.0,-14.14105,96.0
254304.0,-14.09177,96.0
254400.0,-12.192006,96.0
254496.0,-14.676487,96.0
254592.0,-14.625184,96.0
254688.0,-13.737111,96.0
254784.0,-13.388196,96.0
254880.0,-14.10108,96.0
254976.0,-13.915253,96.0
255072.0,-11.152007,96.0
255168.0,-13.751377,96.0
255264.0,-12.867207,96.0
255360.0,-12.894367,96.0
255456.0,-14.378368,96.0
255552.0,-13.905265,96.0
255648.0,-13.398904,96.0
255744.0,-14.489325,96.0
255840.0,-14.31095,96.0
255936.0,-14.146045,96.0
256032.0,-14.022698,96.0
256128.0,-13.700559,96.0
256224.0,-9.835856,96.0
256320.0,-13.641906,96.0
256416.0,-13.703396,96.0
256512.0,-14.583224,96.0
256608.0,-14.180426,96.0
256704.0,-13.331991,96.0
256800.0,-14.525068,96.0
256896.0,-13.9623,96.0
256992.0,-13.569641,96.0
257088.0,-14.674025,96.0
257184.0,-14.282069,96.0
257280.0,-13.280782,96.0
257376.0,-13.079725,96.0
257472.0,-11.457298,96.0
257568.0,-13.304427,96.0
257664.0,-13.566025,96.0
257760.0,-14.429352,96.0
257856.0,-14.483328,96.0
257952.0,-14.467764,96.0
258048.0,-13.918528,96.0
258144.0,-13.479252,96.0
258240.0,-13.967114,96.0
258336.0,-13.364008,96.0
258432.0,-13.783298,96.0
258528.0,-14.284032,96.0
258624.0,-13.77063,96.0
258720.0,-14.278442,96.0
258816.0,-13.238643,96.0
258912.0,-12.954992,96.0
259008.0,-13.894036,96.0
259104.0,-12.970122,96.0
259200.0,-13.05369,96.0
259296.0,-14.608724,96.0
259392.0,-13.561453,96.0
259488.0,-14.239552,96.0
259584.0,-14.216032,96.0
259680.0,-11.728884,96.0
259776.0,-12.784782,96.0
259872.0,-12.61272,96.0
259968.0,-12.396431,96.0
260064.0,-13.47425,96.0
260160.0,-14.625834,96.0
260256.0,-12.036705,96.0
260352.0,-11.287982,96.0
260448.0,-13.864731,96.0
260544.0,-14.090253,96.0
260640.0,-14.402987,96.0
260736.0,-14.250065,96.0
260832.0,-14.348091,96.0
260928.0,-13.147909,96.0
261024.0,-14.246179,96.0
261120.0,-13.04547,96.0
261216.0,-14.023252,96.0
261312.0,-12.626858,96.0
261408.0,-12.941312,96.0
261504.0,-13.165329,96.0
261600.0,-13.79307,96.0
261696.0,-13.824405,96.0
261792.0,-12.921948,96.0
261888.0,-11.683816,96.0
261984.0,-13.852737,96.0
262080.0,-14.256227,96.0
262176.0,-13.528102,96.0
262272.0,-14.018871,96.0
262368.0,-14.332336,96.0
262464.0,-14.109571,96.0
262560.0,-14.45367,96.0
262656.0,-12.901301,96.0
262752.0,-14.548246,96.0
262848.0,-13.410632,96.0
262944.0,-14.332423,96.0
263040.0,-12.817951,96.0
263136.0,-13.388262,96.0
263232.0,-10.639893,96.0
263328.0,-14.231021,96.0
263424.0,-14.33351,96.0
263520.0,-14.194207,96.0
263616.0,-14.241114,96.0
263712.0,-14.303055,96.0
263808.0,-13.519159,96.0
263904.0,-14.144968,96.0
264000.0,-14.307195,96.0
264096.0,-14.461619,96.0
264192.0,-9.300145,96.0
264288.0,-13.691997,96.0
264384.0,-12.786176,96.0
264480.0,-13.599958,96.0
264576.0,-14.487649,96.0
264672.0,-14.543806,96.0
264768.0,-13.364625,96.0
264864.0,-13.199906,96.0
264960.0,-14.087024,96.0
265056.0,-12.906687,96.0
265152.0,-14.240686,96.0
265248.0,-13.21358,96.0
265344.0,-11.738933,96.0
265440.0,-14.046981,96.0
265536.0,-14.321813,96.0
265632.0,-13.302384,96.0
265728.0,-13.689634,96.0
265824.0,-14.378612,96.0
265920.0,-13.689813,96.0
266016.0,-12.405415,96.0
266112.0,-11.273765,96.0
266208.0,-14.176186,96.0
266304.0,-12.525105,96.0
266400.0,-14.375796,96.0
266496.0,-12.44019,96.0
266592.0,-14.042059,96.0
266688.0,-14.710859,96.0
266784.0,-13.297892,96.0
266880.0,-10.765919,96.0
266976.0,-12.835846,96.0
267072.0,-14.157818,96.0
267168.0,-13.958005,96.0
267264.0,-14.18286,96.0
267360.0,-14.046743,96.0
267456.0,-12.983882,96.0
267552.0,-12.906463,96.0
267648.0,-11.371247,96.0
267744.0,-11.284783,96.0
267840.0,-14.247399,96.0
267936.0,-14.043925,96.0
268032.0,-13.490904,96.0
268128.0,-13.236189,96.0
268224.0,-14.218187,96.0
268320.0,-11.78287,96.0
268416.0,-13.978546,96.0
268512.0,-14.483257,96.0
268608.0,-13.983432,96.0
268704.0,-12.569518,96.0
268800.0,-14.275908,96.0
268896.0,-13.479144,96.0
268992.0,-14.378791,96.0
269088.0,-13.564705,96.0
269184.0,-11.496813,96.0
269280.0,-13.649061,96.0
269376.0,-13.894194,96.0
269472.0,-13.009025,96.0
269568.0,-12.812745,96.0
269664.0,-13.699189,96.0
269760.0,-13.390476,96.0
269856.0,-14.051977,96.0
269952.0,-12.962361,96.0
270048.0,-14.288327,96.0
270144.0,-13.613971,96.0
270240.0,-14.193381,96.0
270336.0,-10.536133,96.0
270432.0,-12.948137,96.0
270528.0,-14.264304,96.0
270624.0,-12.934144,96.0
270720.0,-12.507097,96.0
270816.0,-14.351914,96.0
270912.0,-14.200887,96.0
271008.0,-12.801903,96.0
271104.0,-14.395106,96.0
271200.0,-13.949253,96.0
271296.0,-14.148425,96.0
271392.0,-13.117138,96.0
271488.0,-13.924203,96.0
271584.0,-14.077983,96.0
271680.0,-12.93102,96.0
271776.0,-14.441697,96.0
271872.0,-13.346493,96.0
271968.0,-12.470955,96.0
272064.0,-14.449327,96.0
272160.0,-13.264058,96.0
272256.0,-14.419126,96.0
272352.0,-13.654867,96.0
272448.0,-14.429671,96.0
272544.0,-14.417956,96.0
272640.0,-14.095573,96.0
272736.0,-14.364612,96.0
272832.0,-12.625647,96.0
272928.0,-13.887684,96.0
273024.0,-14.501905,96.0
273120.0,-14.454173,96.0
273216.0,-14.452784,96.0
273312.0,-14.397356,96.0
273408.0,-13.190669,96.0
273504.0,-12.933849,96.0
273600.0,-12.992246,96.0
273696.0,-13.726211,96.0
273792.0,-13.516551,96.0
273888.0,-12.96391,96.0
273984.0,-10.133327,96.0
274080.0,-13.455656,96.0
274176.0,-9.615969,96.0
274272.0,-13.941668,96.0
274368.0,-14.17728,96.0
274464.0,-13.31065,96.0
274560.0,-14.38139,96.0
274656.0,-13.672276,96.0
274752.0,-14.452076,96.0
274848.0,-14.241531,96.0
274944.0,-13.506886,96.0
275040.0,-9.947671,96.0
275136.0,-11.912635,96.0
275232.0,-12.953006,96.0
275328.0,-13.43829,96.0
275424.0,-14.508988,96.0
275520.0,-13.972878,96.0
275616.0,-12.860309,96.0
275712.0,-14.33562,96.0
275808.0,-13.759765,96.0
275904.0,-14.345261,96.0
276000.0,-12.948775,96.0
276096.0,-13.891532,96.0
276192.0,-12.478645,96.0
276288.0,-14.161317,96.0
276384.0,-14.506512,96.0
276480.0,-14.306496,96.0
276576.0,-10.981814,96.0
276672.0,-13.928086,96.0
276768.0,-13.897369,96.0
276864.0,-11.769478,96.0
276960.0,-13.17792,96.0
277056.0,-13.558354,96.0
277152.0,-14.334128,96.0
277248.0,-12.270114,96.0
277344.0,-13.11926,96.0
277440.0,-13.839394,96.0
277536.0,-13.16633,96.0
277632.0,-13.953181,96.0
277728.0,-13.192981,96.0
277824.0,-13.886083,96.0
277920.0,-13.658773,96.0
278016.0,-14.14832,96.0
278112.0,-12.353131,96.0
278208.0,-14.120728,96.0
278304.0,-13.072452,96.0
278400.0,-14.236962,96.0
278496.0,-14.248574,96.0
278592.0,-12.717383,96.0
278688.0,-14.42763,96.0
278784.0,-13.632546,96.0
278880.0,-12.739262,96.0
278976.0,-14.357609,96.0
279072.0,-14.212962,96.0
279168.0,-14.452226,96.0
279264.0,-12.930008,96.0
279360.0,-13.421936,96.0
279456.0,-12.733015,96.0
279552.0,-10.341428,96.0
279648.0,-13.879928,96.0
279744.0,-14.413028,96.0
279840.0,-14.13717,96.0
279936.0,-14.415645,96.0
280032.0,-14.116003,96.0
280128.0,-14.08417,96.0
280224.0,-13.968177,96.0
280320.0,-13.137555,96.0
280416.0,-12.430426,96.0
280512.0,-13.980449,96.0
280608.0,-13.173744,96.0
280704.0,-14.289128,96.0
280800.0,-13.682632,96.0
280896.0,-13.610815,96.0
280992.0,-13.6091,96.0
281088.0,-12.641161,96.0
281184.0,-13.546052,96.0
281280.0,-12.690315,96.0
281376.0,-13.715804,96.0
281472.0,-12.840684,96.0
281568.0,-13.039071,96.0
281664.0,-14.464056,96.0
281760.0,-13.346411,96.0
281856.0,-14.006972,96.0
281952.0,-13.889966,96.0
282048.0,-13.184822,96.0
282144.0,-14.780647,96.0
282240.0,-13.56285,96.0
282336.0,-12.826414,96.0
282432.0,-14.156595,96.0
282528.0,-14.071022,96.0
282624.0,-13.343548,96.0
282720.0,-13.93347,96.0
282816.0,-12.095863,96.0
282912.0,-13.77758,96.0
283008.0,-14.327437,96.0
283104.0,-14.389794,96.0
283200.0,-13.931597,96.0
283296.0,-12.06187,96.0
283392.0,-14.252147,96.0
283488.0,-14.022842,96.0
283584.0,-14.385948,96.0
283680.0,-13.247217,96.0
283776.0,-13.631805,96.0
283872.0,-11.088231,96.0
283968.0,-14.324907,96.0
284064.0,-14.174593,96.0
284160.0,-14.207047,96.0
284256.0,-14.317901,96.0
284352.0,-13.841045,96.0
284448.0,-14.26135,96.0
284544.0,-11.88661,96.0
284640.0,-13.444198,96.0
284736.0,-13.938965,96.0
284832.0,-14.023944,96.0
284928.0,-14.116361,96.0
285024.0,-12.917369,96.0
285120.0,-13.307874,96.0
285216.0,-13.53107,96.0
285312.0,-10.938455,96.0
285408.0,-14.187029,96.0
285504.0,-14.009124,96.0
285600.0,-11.622569,96.0
285696.0,-13.956878,96.0
285792.0,-14.269138,96.0
285888.0,-14.31125,96.0
285984.0,-12.795612,96.0
286080.0,-14.14889,96.0
286176.0,-12.922868,96.0
286272.0,-11.636967,96.0
286368.0,-12.701522,96.0
286464.0,-13.903798,96.0
286560.0,-12.941932,96.0
286656.0,-13.097479,96.0
286752.0,-13.396137,96.0
286848.0,-14.250003,96.0
286944.0,-14.82131,96.0
287040.0,-14.022555,96.0
287136.0,-14.521922,96.0
287232.0,-13.380286,96.0
287328.0,-13.719412,96.0
287424.0,-14.633688,96.0
287520.0,-13.90485,96.0
287616.0,-13.236811,96.0
287712.0,-12.465915,96.0
287808.0,-13.19092,96.0
287904.0,-14.406383,96.0
288000.0,-12.392912,96.0
288096.0,-14.116875,96.0
288192.0,-12.729141,96.0
288288.0,-14.524414,96.0
288384.0,-13.568236,96.0
288480.0,-12.587621,96.0
288576.0,-13.279676,96.0
288672.0,-14.268809,96.0
288768.0,-13.823938,96.0
288864.0,-13.379358,96.0
288960.0,-13.507396,96.0
289056.0,-13.423817,96.0
289152.0,-14.467601,96.0
289248.0,-11.018459,96.0
289344.0,-13.333838,96.0
289440.0,-14.204601,96.0
289536.0,-14.365862,96.0
289632.0,-14.280233,96.0
289728.0,-14.301814,96.0
289824.0,-14.280158,96.0
289920.0,-13.608944,96.0
290016.0,-13.372839,96.0
290112.0,-12.989317,96.0
290208.0,-13.122407,96.0
290304.0,-14.195822,96.0
290400.0,-13.305782,96.0
290496.0,-14.099064,96.0
290592.0,-12.841427,96.0
290688.0,-13.515479,96.0
290784.0,-14.324478,96.0
290880.0,-14.194125,96.0
290976.0,-13.570751,96.0
291072.0,-13.523758,96.0
291168.0,-13.872485,96.0
291264.0,-12.57741,96.0
291360.0,-11.143392,96.0
291456.0,-14.278219,96.0
291552.0,-12.74673,96.0
291648.0,-13.519102,96.0
291744.0,-12.786446,96.0
291840.0,-14.034024,96.0
291936.0,-14.311511,96.0
292032.0,-13.303711,96.0
292128.0,-12.243888,96.0
292224.0,-14.544768,96.0
292320.0,-13.464516,96.0
292416.0,-14.616389,96.0
292512.0,-13.422332,96.0
292608.0,-13.871695,96.0
292704.0,-13.441966,96.0
292800.0,-12.431448,96.0
292896.0,-14.311884,96.0
292992.0,-13.918238,96.0
293088.0,-13.420451,96.0
293184.0,-13.097593,96.0
293280.0,-14.232953,96.0
293376.0,-14.372027,96.0
293472.0,-12.94539,96.0
293568.0,-13.109822,96.0
293664.0,-13.127227,96.0
293760.0,-13.347083,96.0
293856.0,-14.456488,96.0
293952.0,-12.707605,96.0
294048.0,-12.987602,96.0
294144.0,-12.98148,96.0
294240.0,-12.646799,96.0
294336.0,-14.431836,96.0
294432.0,-14.162292,96.0
294528.0,-12.624864,96.0
294624.0,-13.447812,96.0
294720.0,-11.534609,96.0
294816.0,-13.723946,96.0
294912.0,-14.552866,96.0
295008.0,-14.004658,96.0
295104.0,-14.100998,96.0
295200.0,-13.910519,96.0
295296.0,-13.47135,96.0
295392.0,-12.12659,96.0
295488.0,-13.605632,96.0
295584.0,-14.010359,96.0
295680.0,-14.415469,96.0
295776.0,-14.34534,96.0
295872.0,-13.839284,96.0
295968.0,-13.288403,96.0
296064.0,-14.16535,96.0
296160.0,-12.569744,96.0
296256.0,-13.259598,96.0
296352.0,-13.683933,96.0
296448.0,-13.978924,96.0
296544.0,-14.013384,96.0
296640.0,-14.006095,96.0
296736.0,-12.88883,96.0
296832.0,-13.799812,96.0
296928.0,-13.01958,96.0
297024.0,-14.042044,96.0
297120.0,-14.329534,96.0
297216.0,-13.339111,96.0
297312.0,-13.865945,96.0
297408.0,-12.974526,96.0
297504.0,-13.6546,96.0
297600.0,-13.60927,96.0
297696.0,-13.312099,96.0
297792.0,-13.051302,96.0
297888.0,-12.245836,96.0
297984.0,-14.460308,96.0
298080.0,-12.919428,96.0
298176.0,-12.538652,96.0
298272.0,-14.535701,96.0
298368.0,-13.398672,96.0
298464.0,-14.484006,96.0
298560.0,-13.736636,96.0
298656.0,-14.227372,96.0
298752.0,-14.129199,96.0
298848.0,-10.962692,96.0
298944.0,-14.613902,96.0
299040.0,-13.124492,96.0
299136.0,-14.431796,96.0
299232.0,-13.722803,96.0
299328.0,-13.467906,96.0
299424.0,-11.619421,96.0
299520.0,-14.379616,96.0
299616.0,-14.213708,96.0
299712.0,-13.979266,96.0
299808.0,-13.936511,96.0
299904.0,-13.51565,96.0
300000.0,-14.233006,96.0
300096.0,-14.408985,96.0
300192.0,-14.237772,96.0
300288.0,-14.622855,96.0
300384.0,-14.468554,96.0
300480.0,-13.628981,96.0
300576.0,-13.195012,96.0
300672.0,-14.319022,96.0
300768.0,-13.915873,96.0
300864.0,-9.491152,96.0
300960.0,-12.415737,96.0
301056.0,-11.954593,96.0
301152.0,-14.08493,96.0
301248.0,-14.247367,96.0
301344.0,-14.024517,96.0
301440.0,-14.397712,96.0
301536.0,-14.251732,96.0
301632.0,-14.197418,96.0
301728.0,-14.516311,96.0
301824.0,-13.982593,96.0
301920.0,-14.048627,96.0
302016.0,-14.477802,96.0
302112.0,-13.366327,96.0
302208.0,-14.263099,96.0
302304.0,-13.623761,96.0
302400.0,-12.049156,96.0
302496.0,-12.425636,96.0
302592.0,-14.342624,96.0
302688.0,-13.887124,96.0
302784.0,-13.459301,96.0
302880.0,-12.185229,96.0
302976.0,-13.96768,96.0
303072.0,-13.988736,96.0
303168.0,-13.709612,96.0
303264.0,-12.617514,96.0
303360.0,-14.643325,96.0
303456.0,-13.121893,96.0
303552.0,-14.347675,96.0
303648.0,-12.819647,96.0
303744.0,-13.012156,96.0
303840.0,-12.966188,96.0
303936.0,-14.340697,96.0
304032.0,-13.450486,96.0
304128.0,-13.950772,96.0
304224.0,-13.974361,96.0
304320.0,-13.858118,96.0
304416.0,-13.497376,96.0
304512.0,-13.970237,96.0
304608.0,-14.217005,96.0
304704.0,-12.893052,96.0
304800.0,-13.606879,96.0
304896.0,-14.453734,96.0
304992.0,-13.349732,96.0
305088.0,-13.375696,96.0
305184.0,-14.311932,96.0
305280.0,-13.671966,96.0
305376.0,-14.306384,96.0
305472.0,-13.802208,96.0
305568.0,-13.581268,96.0
305664.0,-11.38728,96.0
305760.0,-13.435342,96.0
305856.0,-14.526469,96.0
305952.0,-13.922492,96.0
306048.0,-14.167795,96.0
306144.0,-11.439931,96.0
306240.0,-14.15222,96.0
306336.0,-11.406483,96.0
306432.0,-13.389968,96.0
306528.0,-12.761718,96.0
306624.0,-13.554166,96.0
306720.0,-13.579892,96.0
306816.0,-13.876773,96.0
306912.0,-14.215392,96.0
307008.0,-13.600738,96.0
307104.0,-14.115966,96.0
307200.0,-13.845642,96.0
307296.0,-14.207968,96.0
307392.0,-13.892062,96.0
307488.0,-14.05743,96.0
307584.0,-12.916743,96.0
307680.0,-12.826649,96.0
307776.0,-13.280716,96.0
307872.0,-13.914148,96.0
307968.0,-13.66079,96.0
308064.0,-13.845942,96.0
308160.0,-13.856324,96.0
308256.0,-13.585173,96.0
308352.0,-13.321686,96.0
308448.0,-12.658327,96.0
308544.0,-13.804802,96.0
308640.0,-14.137342,96.0
308736.0,-13.905886,96.0
308832.0,-11.225779,96.0
308928.0,-14.118799,96.0
309024.0,-13.808777,96.0
309120.0,-14.329346,96.0
309216.0,-12.972826,96.0
309312.0,-13.374943,96.0
309408.0,-14.139658,96.0
309504.0,-14.10707,96.0
309600.0,-13.523302,96.0
309696.0,-14.095543,96.0
309792.0,-14.395216,96.0
309888.0,-13.168457,96.0
309984.0,-13.491717,96.0
310080.0,-14.336247,96.0
310176.0,-14.129565,96.0
310272.0,-14.255265,96.0
310368.0,-13.194642,96.0
310464.0,-11.178835,96.0
310560.0,-14.366065,96.0
310656.0,-14.255535,96.0
310752.0,-13.182917,96.0
310848.0,-13.696564,96.0
310944.0,-14.627575,96.0
311040.0,-11.741313,96.0
311136.0,-14.052827,96.0
311232.0,-13.875951,96.0
311328.0,-14.255743,96.0
311424.0,-13.875252,96.0
311520.0,-13.572213,96.0
311616.0,-13.568811,96.0
311712.0,-14.009517,96.0
311808.0,-10.167581,96.0
311904.0,-12.636072,96.0
312000.0,-14.234919,96.0
312096.0,-12.499042,96.0
312192.0,-13.5911,96.0
312288.0,-13.358692,96.0
312384.0,-13.374348,96.0
312480.0,-13.842519,96.0
312576.0,-13.427952,96.0
312672.0,-13.721835,96.0
312768.0,-13.868686,96.0
312864.0,-13.88751,96.0
312960.0,-14.095777,96.0
313056.0,-14.445114,96.0
313152.0,-14.494584,96.0
313248.0,-13.709666,96.0
313344.0,-14.515205,96.0
313440.0,-14.239092,96.0
313536.0,-13.650861,96.0
313632.0,-13.565711,96.0
313728.0,-13.225028,96.0
313824.0,-13.032809,96.0
313920.0,-14.143607,96.0
314016.0,-13.272001,96.0
314112.0,-14.026039,96.0
314208.0,-12.672793,96.0
314304.0,-14.257499,96.0
314400.0,-14.225085,96.0
314496.0,-14.374556,96.0
314592.0,-11.768588,96.0
314688.0,-14.506206,96.0
314784.0,-13.539009,96.0
314880.0,-13.396643,96.0
314976.0,-9.91793,96.0
315072.0,-13.335693,96.0
315168.0,-14.011665,96.0
315264.0,-11.148319,96.0
315360.0,-14.182762,96.0
315456.0,-13.913901,96.0
315552.0,-13.112978,96.0
315648.0,-14.120109,96.0
315744.0,-13.852185,96.0
315840.0,-13.357063,96.0
315936.0,-14.33025,96.0
316032.0,-14.220936,96.0
316128.0,-13.932285,96.0
316224.0,-13.098637,96.0
316320.0,-13.58778,96.0
316416.0,-13.149328,96.0
316512.0,-14.171637,96.0
316608.0,-14.715049,96.0
316704.0,-14.240162,96.0
316800.0,-12.906253,96.0
316896.0,-13.320136,96.0
316992.0,-13.8677,96.0
317088.0,-14.186452,96.0
317184.0,-13.428782,96.0
317280.0,-13.123859,96.0
317376.0,-13.41833,96.0
317472.0,-13.174819,96.0
317568.0,-12.998828,96.0
317664.0,-11.661027,96.0
317760.0,-13.951203,96.0
317856.0,-14.102942,96.0
317952.0,-14.337829,96.0
318048.0,-14.551659,96.0
318144.0,-14.293875,96.0
318240.0,-14.347237,96.0
318336.0,-14.008505,96.0
318432.0,-13.303277,96.0
318528.0,-14.298044,96.0
318624.0,-13.428113,96.0
318720.0,-11.935575,96.0
318816.0,-9.831475,96.0
318912.0,-13.030374,96.0
319008.0,-14.068656,96.0
319104.0,-13.452189,96.0
319200.0,-14.422287,96.0
319296.0,-14.219702,96.0
319392.0,-12.889069,96.0
319488.0,-14.095609,96.0
319584.0,-13.701005,96.0
319680.0,-14.091874,96.0
319776.0,-13.439038,96.0
319872.0,-14.072826,96.0
319968.0,-14.328641,96.0
320064.0,-14.024117,96.0
320160.0,-11.203304,96.0
320256.0,-14.092839,96.0
320352.0,-14.155888,96.0
320448.0,-11.115545,96.0
320544.0,-14.557301,96.0
320640.0,-14.408907,96.0
320736.0,-14.306721,96.0
320832.0,-12.588956,96.0
320928.0,-11.202846,96.0
321024.0,-13.807853,96.0
321120.0,-14.123788,96.0
321216.0,-13.926425,96.0
321312.0,-13.926201,96.0
321408.0,-12.954525,96.0
321504.0,-13.022033,96.0
321600.0,-14.016832,96.0
321696.0,-12.897774,96.0
321792.0,-13.983106,96.0
321888.0,-11.948084,96.0
321984.0,-13.447014,96.0
322080.0,-14.326366,96.0
322176.0,-14.351528,96.0
322272.0,-11.127288,96.0
322368.0,-14.619859,96.0
322464.0,-13.346012,96.0
322560.0,-14.369037,96.0
322656.0,-13.978913,96.0
322752.0,-13.632835,96.0
322848.0,-11.270772,96.0
322944.0,-13.798475,96.0
323040.0,-12.929445,96.0
323136.0,-13.538556,96.0
323232.0,-14.066305,96.0
323328.0,-12.899218,96.0
323424.0,-13.807623,96.0
323520.0,-13.064358,96.0
323616.0,-13.739044,96.0
323712.0,-13.932393,96.0
323808.0,-12.660802,96.0
323904.0,-14.422075,96.0
324000.0,-12.834754,96.0
324096.0,-14.311612,96.0
324192.0,-14.484457,96.0
324288.0,-13.641151,96.0
324384.0,-14.552823,96.0
324480.0,-14.096192,96.0
324576.0,-14.292134,96.0
324672.0,-14.224482,96.0
324768.0,-13.517253,96.0
324864.0,-13.972466,96.0
324960.0,-12.765655,96.0
325056.0,-14.599358,96.0
325152.0,-14.036208,96.0
325248.0,-13.402856,96.0
325344.0,-13.146386,96.0
325440.0,-13.25035,96.0
325536.0,-13.466275,96.0
325632.0,-14.210917,96.0
325728.0,-13.077282,96.0
325824.0,-13.315988,96.0
325920.0,-12.473202,96.0
326016.0,-13.430078,96.0
326112.0,-14.497212,96.0
326208.0,-13.669538,96.0
326304.0,-11.782115,96.0
326400.0,-13.208444,96.0
326496.0,-13.611011,96.0
326592.0,-14.054795,96.0
326688.0,-13.416197,96.0
326784.0,-14.036374,96.0
326880.0,-13.733992,96.0
326976.0,-13.352892,96.0
327072.0,-13.27107,96.0
327168.0,-13.514521,96.0
327264.0,-12.397484,96.0
327360.0,-13.909864,96.0
327456.0,-12.060086,96.0
327552.0,-13.72218,96.0
327648.0,-14.300737,96.0
327744.0,-10.571613,96.0
327840.0,-14.124566,96.0
327936.0,-14.119142,96.0
328032.0,-13.525397,96.0
328128.0,-14.560481,96.0
328224.0,-11.148834,96.0
328320.0,-12.756357,96.0
328416.0,-13.771394,96.0
328512.0,-13.895143,96.0
328608.0,-14.253675,96.0
328704.0,-13.009201,96.0
328800.0,-13.514452,96.0
328896.0,-14.170194,96.0
328992.0,-14.539181,96.0
329088.0,-14.583591,96.0
329184.0,-14.02116,96.0
329280.0,-12.5803,96.0
329376.0,-14.246722,96.0
329472.0,-13.871273,96.0
329568.0,-13.949588,96.0
329664.0,-12.300345,96.0
329760.0,-13.816536,96.0
329856.0,-13.724566,96.0
329952.0,-13.556452,96.0
330048.0,-12.364892,96.0
330144.0,-14.207406,96.0
330240.0,-14.325055,96.0
330336.0,-14.322776,96.0
330432.0,-11.407728,96.0
330528.0,-14.39144,96.0
330624.0,-14.301654,96.0
330720.0,-14.036329,96.0
330816.0,-12.414443,96.0
330912.0,-12.693058,96.0
331008.0,-13.933561,96.0
331104.0,-13.842962,96.0
331200.0,-14.343528,96.0
331296.0,-14.005881,96.0
331392.0,-11.041583,96.0
331488.0,-14.498916,96.0
331584.0,-13.343251,96.0
331680.0,-13.656173,96.0
331776.0,-14.308191,96.0
331872.0,-13.370443,96.0
331968.0,-11.725993,96.0
332064.0,-14.203118,96.0
332160.0,-14.222249,96.0
332256.0,-14.244903,96.0
332352.0,-14.09857,96.0
332448.0,-14.402091,96.0
332544.0,-11.276939,96.0
332640.0,-13.149103,96.0
332736.0,-13.458124,96.0
332832.0,-14.319684,96.0
332928.0,-13.546519,96.0
333024.0,-14.229264,96.0
333120.0,-14.266151,96.0
333216.0,-14.476181,96.0
333312.0,-13.592223,96.0
333408.0,-13.423534,96.0
333504.0,-14.487146,96.0
333600.0,-13.142024,96.0
333696.0,-14.209962,96.0
333792.0,-14.484646,96.0
333888.0,-14.310451,96.0
333984.0,-14.105016,96.0
334080.0,-14.135041,96.0
334176.0,-12.556162,96.0
334272.0,-14.527568,96.0
334368.0,-13.362753,96.0
334464.0,-14.024297,96.0
334560.0,-14.230394,96.0
334656.0,-11.655623,96.0
334752.0,-12.541992,96.0
334848.0,-13.828065,96.0
334944.0,-14.247943,96.0
335040.0,-12.556643,96.0
335136.0,-12.090899,96.0
335232.0,-13.4127,96.0
335328.0,-13.364869,96.0
335424.0,-13.585843,96.0
335520.0,-14.662545,96.0
335616.0,-14.294557,96.0
335712.0,-11.432975,96.0
335808.0,-14.14173,96.0
335904.0,-13.106233,96.0
336000.0,-14.462534,96.0
336096.0,-11.346618,96.0
336192.0,-13.514299,96.0
336288.0,-12.882062,96.0
336384.0,-14.118922,96.0
336480.0,-12.058079,96.0
336576.0,-14.436445,96.0
336672.0,-14.241204,96.0
336768.0,-13.648628,96.0
336864.0,-11.317124,96.0
336960.0,-13.26458,96.0
337056.0,-14.18548,96.0
337152.0,-14.387758,96.0
337248.0,-12.955086,96.0
337344.0,-12.760352,96.0
337440.0,-13.738634,96.0
337536.0,-14.266797,96.0
337632.0,-13.517613,96.0
337728.0,-14.763079,96.0
337824.0,-13.308703,96.0
337920.0,-14.337003,96.0
338016.0,-13.950372,96.0
338112.0,-12.163591,96.0
338208.0,-14.17068,96.0
338304.0,-13.537746,96.0
338400.0,-13.394797,96.0
338496.0,-14.198313,96.0
338592.0,-13.01697,96.0
338688.0,-10.262425,96.0
338784.0,-13.417322,96.0
338880.0,-12.993843,96.0
338976.0,-13.092644,96.0
339072.0,-11.822265,96.0
339168.0,-11.542707,96.0
339264.0,-13.788014,96.0
339360.0,-9.917262,96.0
339456.0,-11.460474,96.0
339552.0,-11.55336,96.0
339648.0,-13.027412,96.0
339744.0,-14.452696,96.0
339840.0,-14.09417,96.0
339936.0,-13.485672,96.0
340032.0,-14.09352,96.0
340128.0,-9.702873,96.0
340224.0,-13.84315,96.0
340320.0,-11.692278,96.0
340416.0,-13.32911,96.0
340512.0,-14.132092,96.0
340608.0,-14.812565,96.0
340704.0,-12.636038,96.0
340800.0,-13.443912,96.0
340896.0,-14.368521,96.0
340992.0,-14.076795,96.0
341088.0,-13.972818,96.0
341184.0,-12.568617,96.0
341280.0,-14.16298,96.0
341376.0,-14.468788,96.0
341472.0,-12.541935,96.0
341568.0,-13.158002,96.0
341664.0,-13.53625,96.0
341760.0,-13.990619,96.0
341856.0,-12.235572,96.0
341952.0,-13.544177,96.0
342048.0,-13.9045,96.0
342144.0,-13.067297,96.0
342240.0,-14.036181,96.0
342336.0,-13.710536,96.0
342432.0,-13.81786,96.0
342528.0,-13.473944,96.0
342624.0,-13.591836,96.0
342720.0,-14.51912,96.0
342816.0,-12.684855,96.0
342912.0,-14.146566,96.0
343008.0,-13.173327,96.0
343104.0,-12.241163,96.0
343200.0,-14.677546,96.0
343296.0,-13.26349,96.0
343392.0,-13.278458,96.0
343488.0,-14.502466,96.0
343584.0,-14.666158,96.0
343680.0,-9.657662,96.0
343776.0,-14.713718,96.0
343872.0,-13.95106,96.0
343968.0,-13.977893,96.0
344064.0,-12.824095,96.0
344160.0,-13.305296,96.0
344256.0,-14.238829,96.0
344352.0,-14.435714,96.0
344448.0,-13.246623,96.0
344544.0,-12.870758,96.0
344640.0,-14.417712,96.0
344736.0,-12.600174,96.0
344832.0,-13.438397,96.0
344928.0,-13.970049,96.0
345024.0,-13.953278,96.0
345120.0,-14.296252,96.0
345216.0,-13.127897,96.0
345312.0,-12.5263,96.0
345408.0,-14.523234,96.0
345504.0,-12.832751,96.0
345600.0,-14.230989,96.0
345696.0,-14.341569,96.0
345792.0,-13.416194,96.0
345888.0,-13.381983,96.0
345984.0,-14.324969,96.0
346080.0,-14.464887,96.0
346176.0,-12.976741,96.0
346272.0,-12.312973,96.0
346368.0,-12.99341,96.0
346464.0,-13.686163,96.0
346560.0,-13.119157,96.0
346656.0,-14.224411,96.0
346752.0,-13.40093,96.0
346848.0,-13.47114,96.0
346944.0,-11.445925,96.0
347040.0,-13.263428,96.0
347136.0,-14.43056,96.0
347232.0,-10.982368,96.0
347328.0,-14.175682,96.0
347424.0,-14.367749,96.0
347520.0,-9.87296,96.0
347616.0,-13.747285,96.0
347712.0,-14.379372,96.0
347808.0,-12.252647,96.0
347904.0,-14.220865,96.0
348000.0,-14.20672,96.0
348096.0,-13.501455,96.0
348192.0,-14.007238,96.0
348288.0,-13.847186,96.0
348384.0,-14.104807,96.0
348480.0,-14.199652,96.0
348576.0,-14.24435,96.0
348672.0,-14.391678,96.0
348768.0,-11.801127,96.0
348864.0,-13.769377,96.0
348960.0,-13.550525,96.0
349056.0,-13.874954,96.0
349152.0,-14.270674,96.0
349248.0,-14.576383,96.0
349344.0,-9.728032,96.0
349440.0,-14.011177,96.0
349536.0,-13.270197,96.0
349632.0,-14.538719,96.0
349728.0,-14.588382,96.0
349824.0,-14.350532,96.0
349920.0,-13.617769,96.0
350016.0,-14.515531,96.0
350112.0,-13.433904,96.0
350208.0,-14.131406,96.0
350304.0,-13.814237,96.0
350400.0,-13.415401,96.0
350496.0,-12.912486,96.0
350592.0,-11.451609,96.0
350688.0,-14.086626,96.0
350784.0,-13.921521,96.0
350880.0,-12.634975,96.0
350976.0,-14.539427,96.0
351072.0,-14.014954,96.0
351168.0,-14.206265,96.0
351264.0,-12.240335,96.0
351360.0,-14.295801,96.0
351456.0,-14.381555,96.0
351552.0,-13.910533,96.0
351648.0,-13.985581,96.0
351744.0,-13.599042,96.0
351840.0,-14.254634,96.0
351936.0,-14.523724,96.0
352032.0,-13.784669,96.0
352128.0,-13.703231,96.0
352224.0,-13.873975,96.0
352320.0,-14.273695,96.0
352416.0,-12.93186,96.0
352512.0,-10.570426,96.0
352608.0,-13.645747,96.0
352704.0,-11.200614,96.0
352800.0,-13.426621,96.0
352896.0,-14.311224,96.0
352992.0,-13.307087,96.0
353088.0,-13.976605,96.0
353184.0,-14.172643,96.0
353280.0,-13.474223,96.0
353376.0,-12.265672,96.0
353472.0,-11.833752,96.0
353568.0,-14.350892,96.0
353664.0,-14.064944,96.0
353760.0,-14.326415,96.0
353856.0,-13.371585,96.0
353952.0,-11.684725,96.0
354048.0,-13.889897,96.0
354144.0,-13.781579,96.0
354240.0,-13.478724,96.0
354336.0,-14.257384,96.0
354432.0,-14.158648,96.0
354528.0,-13.86203,96.0
354624.0,-12.462311,96.0
354720.0,-14.152586,96.0
354816.0,-13.458933,96.0
354912.0,-12.534698,96.0
355008.0,-14.290854,96.0
355104.0,-13.106615,96.0
355200.0,-13.807716,96.0
355296.0,-13.50684,96.0
355392.0,-14.002306,96.0
355488.0,-14.123516,96.0
355584.0,-14.884838,96.0
355680.0,-14.110116,96.0
355776.0,-14.47277,96.0
355872.0,-13.383474,96.0
355968.0,-13.465364,96.0
356064.0,-14.237233,96.0
356160.0,-14.073161,96.0
356256.0,-13.210014,96.0
356352.0,-13.970816,96.0
356448.0,-13.254321,96.0
356544.0,-14.419203,96.0
356640.0,-13.307689,96.0
356736.0,-12.83558,96.0
356832.0,-13.280669,96.0
356928.0,-14.139589,96.0
357024.0,-13.269007,96.0
357120.0,-13.766165,96.0
357216.0,-13.428558,96.0
357312.0,-13.598105,96.0
357408.0,-13.420737,96.0
357504.0,-13.609198,96.0
357600.0,-11.702942,96.0
357696.0,-13.666265,96.0
357792.0,-12.136425,96.0
357888.0,-14.331986,96.0
357984.0,-12.441034,96.0
358080.0,-13.287238,96.0
358176.0,-13.151377,96.0
358272.0,-14.478928,96.0
358368.0,-14.307884,96.0
358464.0,-14.254377,96.0
358560.0,-12.505841,96.0
358656.0,-14.149886,96.0
358752.0,-12.971655,96.0
358848.0,-14.434114,96.0
358944.0,-12.528833,96.0
359040.0,-14.279402,96.0
359136.0,-14.348313,96.0
359232.0,-12.397342,96.0
359328.0,-13.95502,96.0
359424.0,-14.396808,96.0
359520.0,-14.117589,96.0
359616.0,-13.789205,96.0
359712.0,-14.551262,96.0
359808.0,-13.930407,96.0
359904.0,-14.163216,96.0
360000.0,-14.898159,96.0
360096.0,-13.630138,96.0
360192.0,-12.652351,96.0
360288.0,-13.602108,96.0
360384.0,-13.923988,96.0
360480.0,-11.715345,96.0
360576.0,-12.65002,96.0
360672.0,-13.372046,96.0
360768.0,-14.440429,96.0
360864.0,-9.658448,96.0
360960.0,-14.074193,96.0
361056.0,-13.924681,96.0
361152.0,-14.463075,96.0
361248.0,-14.531958,96.0
361344.0,-13.397106,96.0
361440.0,-14.359016,96.0
361536.0,-14.22898,96.0
361632.0,-13.201868,96.0
361728.0,-13.626287,96.0
361824.0,-13.342597,96.0
361920.0,-12.113646,96.0
362016.0,-13.87934,96.0
362112.0,-12.193135,96.0
362208.0,-14.341561,96.0
362304.0,-12.930266,96.0
362400.0,-14.177848,96.0
362496.0,-13.416535,96.0
362592.0,-14.311544,96.0
362688.0,-14.061639,96.0
362784.0,-13.892502,96.0
362880.0,-14.504749,96.0
362976.0,-10.967235,96.0
363072.0,-14.120731,96.0
363168.0,-11.779655,96.0
363264.0,-13.88178,96.0
363360.0,-13.933452,96.0
363456.0,-14.551815,96.0
363552.0,-13.926773,96.0
363648.0,-11.576695,96.0
363744.0,-14.41429,96.0
363840.0,-12.978126,96.0
363936.0,-12.706356,96.0
364032.0,-13.885955,96.0
364128.0,-13.397023,96.0
364224.0,-12.505344,96.0
364320.0,-14.189853,96.0
364416.0,-13.305152,96.0
364512.0,-13.327033,96.0
364608.0,-11.94946,96.0
364704.0,-11.680388,96.0
364800.0,-11.179215,96.0
364896.0,-14.356652,96.0
364992.0,-13.887953,96.0
365088.0,-13.310173,96.0
365184.0,-11.748233,96.0
365280.0,-11.840937,96.0
365376.0,-14.077843,96.0
365472.0,-11.55678,96.0
365568.0,-13.392424,96.0
365664.0,-13.820726,96.0
365760.0,-13.743365,96.0
365856.0,-14.03283,96.0
365952.0,-14.343722,96.0
366048.0,-13.067044,96.0
366144.0,-14.196626,96.0
366240.0,-12.86783,96.0
366336.0,-11.530861,96.0
366432.0,-14.50559,96.0
366528.0,-12.890469,96.0
366624.0,-14.024301,96.0
366720.0,-14.122948,96.0
366816.0,-12.968382,96.0
366912.0,-11.887142,96.0
367008.0,-14.49433,96.0
367104.0,-13.754543,96.0
367200.0,-14.067595,96.0
367296.0,-14.951953,96.0
367392.0,-12.365181,96.0
367488.0,-14.507304,96.0
367584.0,-13.487683,96.0
367680.0,-13.422138,96.0
367776.0,-14.28728,96.0
367872.0,-14.102669,96.0
367968.0,-13.543643,96.0
368064.0,-12.263182,96.0
368160.0,-12.649888,96.0
368256.0,-13.454292,96.0
368352.0,-13.94602,96.0
368448.0,-14.225753,96.0
368544.0,-13.639713,96.0
368640.0,-14.593286,96.0
368736.0,-14.504613,96.0
368832.0,-14.382975,96.0
368928.0,-14.351177,96.0
369024.0,-12.60717,96.0
369120.0,-14.251532,96.0
369216.0,-14.258049,96.0
369312.0,-13.90705,96.0
369408.0,-13.150015,96.0
369504.0,-13.575017,96.0
369600.0,-14.342358,96.0
369696.0,-13.572533,96.0
369792.0,-11.465886,96.0
369888.0,-11.837004,96.0
369984.0,-13.259262,96.0
370080.0,-14.448552,96.0
370176.0,-12.137147,96.0
370272.0,-13.28167,96.0
370368.0,-11.635226,96.0
370464.0,-12.517455,96.0
370560.0,-14.463076,96.0
370656.0,-14.371796,96.0
370752.0,-13.425397,96.0
370848.0,-14.571607,96.0
370944.0,-13.387554,96.0
371040.0,-13.133858,96.0
371136.0,-13.996411,96.0
371232.0,-14.043742,96.0
371328.0,-13.596166,96.0
371424.0,-14.327431,96.0
371520.0,-12.180103,96.0
371616.0,-11.47504,96.0
371712.0,-11.571998,96.0
371808.0,-14.328718,96.0
371904.0,-13.981686,96.0
372000.0,-14.0237,96.0
372096.0,-13.927376,96.0
372192.0,-12.790952,96.0
372288.0,-14.497898,96.0
372384.0,-13.766707,96.0
372480.0,-11.392735,96.0
372576.0,-14.444453,96.0
372672.0,-14.346281,96.0
372768.0,-14.597805,96.0
372864.0,-14.412644,96.0
372960.0,-13.004385,96.0
373056.0,-14.36708,96.0
373152.0,-9.536059,96.0
373248.0,-13.997246,96.0
373344.0,-12.929468,96.0
373440.0,-14.088794,96.0
373536.0,-13.965608,96.0
373632.0,-14.485782,96.0
373728.0,-14.387514,96.0
373824.0,-14.166198,96.0
373920.0,-13.620951,96.0
374016.0,-14.599357,96.0
374112.0,-14.28742,96.0
374208.0,-11.989321,96.0
374304.0,-12.172339,96.0
374400.0,-14.384248,96.0
374496.0,-13.914685,96.0
374592.0,-14.653523,96.0
374688.0,-14.310383,96.0
374784.0,-11.941151,96.0
374880.0,-14.471295,96.0
374976.0,-14.173031,96.0
375072.0,-12.775695,96.0
375168.0,-14.053328,96.0
375264.0,-14.001183,96.0
375360.0,-14.884231,96.0
375456.0,-13.880877,96.0
375552.0,-14.138941,96.0
375648.0,-13.644226,96.0
375744.0,-14.465312,96.0
375840.0,-13.996422,96.0
375936.0,-9.618229,96.0
376032.0,-12.222296,96.0
376128.0,-14.085848,96.0
376224.0,-11.373419,96.0
376320.0,-13.490082,96.0
376416.0,-13.971196,96.0
376512.0,-13.475487,96.0
376608.0,-14.551633,96.0
376704.0,-14.065597,96.0
376800.0,-13.456751,96.0
376896.0,-14.241432,96.0
376992.0,-14.41731,96.0
377088.0,-13.317197,96.0
377184.0,-12.386363,96.0
377280.0,-13.612104,96.0
377376.0,-12.472025,96.0
377472.0,-11.074761,96.0
377568.0,-12.814807,96.0
377664.0,-13.444653,96.0
377760.0,-13.622647,96.0
377856.0,-13.996555,96.0
377952.0,-14.071709,96.0
378048.0,-13.773301,96.0
378144.0,-13.135914,96.0
378240.0,-14.314218,96.0
378336.0,-14.379738,96.0
378432.0,-12.936304,96.0
378528.0,-14.644623,96.0
378624.0,-13.92143,96.0
378720.0,-13.100039,96.0
378816.0,-13.576848,96.0
378912.0,-11.45163,96.0
379008.0,-13.353048,96.0
379104.0,-14.108537,96.0
379200.0,-13.918629,96.0
379296.0,-13.270639,96.0
379392.0,-14.398053,96.0
379488.0,-13.31713,96.0
379584.0,-14.242782,96.0
379680.0,-14.037998,96.0
379776.0,-13.933462,96.0
379872.0,-13.928424,96.0
379968.0,-13.351198,96.0
380064.0,-10.991038,96.0
380160.0,-14.284386,96.0
380256.0,-14.142112,96.0
380352.0,-14.434189,96.0
380448.0,-12.407283,96.0
380544.0,-13.12249,96.0
380640.0,-14.306525,96.0
380736.0,-14.212876,96.0
380832.0,-14.087138,96.0
380928.0,-14.073491,96.0
381024.0,-13.789726,96.0
381120.0,-13.836325,96.0
381216.0,-14.275777,96.0
381312.0,-14.562537,96.0
381408.0,-13.08902,96.0
381504.0,-13.341388,96.0
381600.0,-10.689777,96.0
381696.0,-12.904056,96.0
381792.0,-13.31955,96.0
381888.0,-13.73852,96.0
381984.0,-14.368594,96.0
382080.0,-13.526995,96.0
382176.0,-14.501777,96.0
382272.0,-10.160018,96.0
382368.0,-12.658133,96.0
382464.0,-12.985377,96.0
382560.0,-14.614058,96.0
382656.0,-12.545374,96.0
382752.0,-12.827069,96.0
382848.0,-11.866289,96.0
382944.0,-14.190013,96.0
383040.0,-13.961948,96.0
383136.0,-13.300799,96.0
383232.0,-13.428,96.0
383328.0,-12.687034,96.0
383424.0,-12.875074,96.0
383520.0,-14.176712,96.0
383616.0,-12.214291,96.0
383712.0,-11.899974,96.0
383808.0,-13.965049,96.0
383904.0,-13.503004,96.0
384000.0,-13.886711,96.0
384096.0,-13.021723,96.0
384192.0,-14.038741,96.0
384288.0,-11.692241,96.0
384384.0,-14.492784,96.0
384480.0,-12.684431,96.0
384576.0,-14.662993,96.0
384672.0,-13.973497,96.0
384768.0,-12.744417,96.0
384864.0,-13.412304,96.0
384960.0,-12.844977,96.0
385056.0,-13.239261,96.0
385152.0,-14.469822,96.0
385248.0,-13.084585,96.0
385344.0,-14.254157,96.0
385440.0,-12.818697,96.0
385536.0,-12.884573,96.0
385632.0,-13.717717,96.0
385728.0,-13.672945,96.0
385824.0,-13.307762,96.0
385920.0,-13.299872,96.0
386016.0,-13.036759,96.0
386112.0,-11.597807,96.0
386208.0,-14.342004,96.0
386304.0,-12.836693,96.0
386400.0,-14.503006,96.0
386496.0,-12.762101,96.0
386592.0,-14.087926,96.0
386688.0,-14.416318,96.0
386784.0,-13.129432,96.0
386880.0,-14.199552,96.0
386976.0,-14.30536,96.0
387072.0,-14.03599,96.0
387168.0,-13.821654,96.0
387264.0,-12.913006,96.0
387360.0,-13.733419,96.0
387456.0,-11.566353,96.0
387552.0,-13.429711,96.0
387648.0,-13.454812,96.0
387744.0,-12.593299,96.0
387840.0,-13.410974,96.0
387936.0,-12.232979,96.0
388032.0,-12.745192,96.0
388128.0,-13.660564,96.0
388224.0,-11.979347,96.0
388320.0,-14.127575,96.0
388416.0,-11.843015,96.0
388512.0,-14.503898,96.0
388608.0,-14.428854,96.0
388704.0,-12.242131,96.0
388800.0,-14.551804,96.0
388896.0,-12.462356,96.0
388992.0,-14.075164,96.0
389088.0,-14.058771,96.0
389184.0,-13.628034,96.0
389280.0,-11.375964,96.0
389376.0,-13.14013,96.0
389472.0,-14.053342,96.0
389568.0,-14.358466,96.0
389664.0,-14.132413,96.0
389760.0,-14.020492,96.0
389856.0,-12.894885,96.0
389952.0,-11.755513,96.0
390048.0,-13.121361,96.0
390144.0,-13.990061,96.0
390240.0,-13.499167,96.0
390336.0,-12.942749,96.0
390432.0,-14.449108,96.0
390528.0,-13.746634,96.0
390624.0,-13.257806,96.0
390720.0,-11.315741,96.0
390816.0,-11.124707,96.0
390912.0,-14.182325,96.0
391008.0,-14.229967,96.0
391104.0,-13.868222,96.0
391200.0,-12.446301,96.0
391296.0,-11.659386,96.0
391392.0,-14.156185,96.0
391488.0,-14.050114,96.0
391584.0,-14.515595,96.0
391680.0,-14.036909,96.0
391776.0,-14.879413,96.0
391872.0,-12.798364,96.0
391968.0,-14.040724,96.0
392064.0,-14.168142,96.0
392160.0,-14.405862,96.0
392256.0,-13.295032,96.0
392352.0,-13.895543,96.0
392448.0,-14.618126,96.0
392544.0,-14.039588,96.0
392640.0,-14.114613,96.0
392736.0,-13.465791,96.0
392832.0,-11.667059,96.0
392928.0,-13.205336,96.0
393024.0,-14.408207,96.0
393120.0,-13.672648,96.0
393216.0,-14.402404,96.0
393312.0,-14.205884,96.0
393408.0,-13.00866,96.0
393504.0,-13.457691,96.0
393600.0,-12.24381,96.0
393696.0,-10.209412,96.0
393792.0,-13.682087,96.0
393888.0,-13.503458,96.0
393984.0,-11.930386,96.0
394080.0,-9.673406,96.0
394176.0,-14.504993,96.0
394272.0,-11.61994,96.0
394368.0,-14.051491,96.0
394464.0,-14.150649,96.0
394560.0,-12.558319,96.0
394656.0,-11.402959,96.0
394752.0,-14.446145,96.0
394848.0,-13.619751,96.0
394944.0,-14.302878,96.0
395040.0,-13.315039,96.0
395136.0,-13.993187,96.0
395232.0,-11.732081,96.0
395328.0,-12.960598,96.0
395424.0,-14.054695,96.0
395520.0,-11.236262,96.0
395616.0,-13.320136,96.0
395712.0,-14.06629,96.0
395808.0,-13.865083,96.0
395904.0,-13.915535,96.0
396000.0,-13.954296,96.0
396096.0,-14.328618,96.0
396192.0,-11.300244,96.0
396288.0,-10.186131,96.0
396384.0,-14.39057,96.0
396480.0,-13.812169,96.0
396576.0,-11.820501,96.0
396672.0,-14.550143,96.0
396768.0,-13.45568,96.0
396864.0,-14.397796,96.0
396960.0,-13.665292,96.0
397056.0,-14.010317,96.0
397152.0,-14.254768,96.0
397248.0,-13.383288,96.0
397344.0,-14.588457,96.0
397440.0,-14.42808,96.0
397536.0,-13.328756,96.0
397632.0,-14.546211,96.0
397728.0,-13.041606,96.0
397824.0,-14.42902,96.0
397920.0,-13.000831,96.0
398016.0,-12.990188,96.0
398112.0,-14.167422,96.0
398208.0,-14.528688,96.0
398304.0,-14.486093,96.0
398400.0,-13.359381,96.0
398496.0,-12.193143,96.0
398592.0,-14.386138,96.0
398688.0,-13.865252,96.0
398784.0,-14.323189,96.0
398880.0,-14.192973,96.0
398976.0,-13.313365,96.0
399072.0,-12.623,96.0
399168.0,-12.506901,96.0
399264.0,-14.207383,96.0
399360.0,-11.921393,96.0
399456.0,-14.397749,96.0
399552.0,-13.772432,96.0
399648.0,-13.955818,96.0
399744.0,-14.173796,96.0
399840.0,-12.649635,96.0
399936.0,-13.343441,96.0
400032.0,-14.206898,96.0
400128.0,-13.669483,96.0
400224.0,-14.352081,96.0
400320.0,-12.924265,96.0
400416.0,-13.235438,96.0
400512.0,-13.772022,96.0
400608.0,-14.488762,96.0
400704.0,-13.231755,96.0
400800.0,-14.286756,96.0
400896.0,-13.339436,96.0
400992.0,-12.323235,96.0
401088.0,-12.704156,96.0
401184.0,-14.445699,96.0
401280.0,-14.139455,96.0
401376.0,-12.658983,96.0
401472.0,-13.1488,96.0
401568.0,-11.412384,96.0
401664.0,-14.240428,96.0
401760.0,-11.30004,96.0
401856.0,-14.226595,96.0
401952.0,-13.861932,96.0
402048.0,-14.118601,96.0
402144.0,-11.485939,96.0
402240.0,-14.462666,96.0
402336.0,-14.134228,96.0
402432.0,-12.641673,96.0
402528.0,-13.304137,96.0
402624.0,-11.556064,96.0
402720.0,-13.945504,96.0
402816.0,-14.311591,96.0
402912.0,-14.500001,96.0
403008.0,-13.08444,96.0
403104.0,-14.66601,96.0
403200.0,-13.937237,96.0
403296.0,-13.44361,96.0
403392.0,-13.604847,96.0
403488.0,-12.862977,96.0
403584.0,-12.90754,96.0
403680.0,-13.363036,96.0
403776.0,-13.26735,96.0
403872.0,-14.910332,96.0
403968.0,-14.061724,96.0
404064.0,-14.254338,96.0
404160.0,-13.836059,96.0
404256.0,-13.563057,96.0
404352.0,-12.347146,96.0
404448.0,-14.16758,96.0
404544.0,-12.644611,96.0
404640.0,-13.391333,96.0
404736.0,-13.521042,96.0
404832.0,-14.23256,96.0
404928.0,-12.643662,96.0
405024.0,-14.423335,96.0
405120.0,-13.091603,96.0
405216.0,-12.803865,96.0
405312.0,-13.933018,96.0
405408.0,-14.086783,96.0
405504.0,-14.301556,96.0
405600.0,-14.186203,96.0
405696.0,-13.859323,96.0
405792.0,-14.449389,96.0
405888.0,-13.448918,96.0
405984.0,-13.202061,96.0
406080.0,-12.01245,96.0
406176.0,-11.559033,96.0
406272.0,-14.604497,96.0
406368.0,-13.873039,96.0
406464.0,-13.741682,96.0
406560.0,-13.613514,96.0
406656.0,-11.491733,96.0
406752.0,-14.018447,96.0
406848.0,-12.089487,96.0
406944.0,-13.786792,96.0
407040.0,-14.096031,96.0
407136.0,-12.325298,96.0
407232.0,-13.303967,96.0
407328.0,-14.038148,96.0
407424.0,-11.863718,96.0
407520.0,-13.311837,96.0
407616.0,-12.956604,96.0
407712.0,-13.498306,96.0
407808.0,-13.541786,96.0
407904.0,-13.899101,96.0
408000.0,-13.115524,96.0
408096.0,-14.041055,96.0
408192.0,-13.064293,96.0
408288.0,-14.044029,96.0
408384.0,-12.568486,96.0
408480.0,-12.600739,96.0
408576.0,-12.35502,96.0
408672.0,-12.333664,96.0
408768.0,-10.01524,96.0
408864.0,-13.902899,96.0
408960.0,-12.021375,96.0
409056.0,-14.320255,96.0
409152.0,-14.100654,96.0
409248.0,-13.394231,96.0
409344.0,-13.506261,96.0
409440.0,-14.222597,96.0
409536.0,-13.621488,96.0
409632.0,-13.124635,96.0
409728.0,-14.58305,96.0
409824.0,-11.210773,96.0
409920.0,-14.461894,96.0
410016.0,-12.583751,96.0
410112.0,-14.294482,96.0
410208.0,-14.359446,96.0
410304.0,-12.804944,96.0
410400.0,-11.668319,96.0
410496.0,-14.06346,96.0
410592.0,-12.238147,96.0
410688.0,-14.057416,96.0
410784.0,-13.510747,96.0
410880.0,-13.919722,96.0
410976.0,-14.340114,96.0
411072.0,-14.263536,96.0
411168.0,-13.505133,96.0
411264.0,-14.415712,96.0
411360.0,-13.121681,96.0
411456.0,-13.979063,96.0
411552.0,-12.658273,96.0
411648.0,-13.380439,96.0
411744.0,-13.995604,96.0
411840.0,-12.715188,96.0
411936.0,-11.841826,96.0
412032.0,-14.538604,96.0
412128.0,-14.320009,96.0
412224.0,-10.488457,96.0
412320.0,-14.530983,96.0
412416.0,-13.590204,96.0
412512.0,-14.460506,96.0
412608.0,-13.820716,96.0
412704.0,-11.501082,96.0
412800.0,-10.479036,96.0
412896.0,-13.24265,96.0
412992.0,-12.541955,96.0
413088.0,-13.127691,96.0
413184.0,-12.38602,96.0
413280.0,-12.568818,96.0
413376.0,-13.877534,96.0
413472.0,-13.507452,96.0
413568.0,-12.520401,96.0
413664.0,-12.822586,96.0
413760.0,-13.879608,96.0
413856.0,-13.939276,96.0
413952.0,-14.685143,96.0
414048.0,-13.254856,96.0
414144.0,-11.040942,96.0
414240.0,-13.286351,96.0
414336.0,-13.371458,96.0
414432.0,-14.180963,96.0
414528.0,-14.235922,96.0
414624.0,-14.183712,96.0
414720.0,-11.378344,96.0
414816.0,-12.312848,96.0
414912.0,-14.457554,96.0
415008.0,-14.248221,96.0
415104.0,-13.869428,96.0
415200.0,-14.089184,96.0
415296.0,-13.777204,96.0
415392.0,-14.10239,96.0
415488.0,-13.838382,96.0
415584.0,-11.395497,96.0
415680.0,-14.601927,96.0
415776.0,-13.488345,96.0
415872.0,-13.801872,96.0
415968.0,-14.356197,96.0
416064.0,-14.189966,96.0
416160.0,-14.051426,96.0
416256.0,-13.739454,96.0
416352.0,-13.645771,96.0
416448.0,-12.300565,96.0
416544.0,-13.416435,96.0
416640.0,-14.396725,96.0
416736.0,-11.358767,96.0
416832.0,-14.022225,96.0
416928.0,-13.990839,96.0
417024.0,-13.479823,96.0
417120.0,-13.288194,96.0
417216.0,-14.455858,96.0
417312.0,-11.812721,96.0
417408.0,-13.509899,96.0
417504.0,-13.870243,96.0
417600.0,-13.23447,96.0
417696.0,-13.541884,96.0
417792.0,-14.012855,96.0
417888.0,-14.375155,96.0
417984.0,-14.213323,96.0
418080.0,-14.447571,96.0
418176.0,-14.116686,96.0
418272.0,-13.689872,96.0
418368.0,-13.450546,96.0
418464.0,-12.662102,96.0
418560.0,-14.057712,96.0
418656.0,-11.433054,96.0
418752.0,-14.131365,96.0
418848.0,-14.434308,96.0
418944.0,-13.9559,96.0
419040.0,-14.420437,96.0
419136.0,-14.172628,96.0
419232.0,-13.228751,96.0
419328.0,-12.941532,96.0
419424.0,-14.533824,96.0
419520.0,-14.351796,96.0
419616.0,-14.404208,96.0
419712.0,-13.689882,96.0
419808.0,-14.204529,96.0
419904.0,-13.732939,96.0
420000.0,-12.417816,96.0
420096.0,-13.599204,96.0
420192.0,-12.968837,96.0
420288.0,-13.735856,96.0
420384.0,-13.230322,96.0
420480.0,-14.537381,96.0
420576.0,-13.955397,96.0
420672.0,-13.023938,96.0
420768.0,-13.416098,96.0
420864.0,-13.920244,96.0
420960.0,-12.923679,96.0
421056.0,-13.236911,96.0
421152.0,-13.52361,96.0
421248.0,-11.621469,96.0
421344.0,-12.376378,96.0
421440.0,-14.20383,96.0
421536.0,-13.665884,96.0
421632.0,-13.72782,96.0
421728.0,-12.007203,96.0
421824.0,-11.976538,96.0
421920.0,-14.308158,96.0
422016.0,-14.254366,96.0
422112.0,-13.500038,96.0
422208.0,-13.451057,96.0
422304.0,-11.94535,96.0
422400.0,-12.462616,96.0
422496.0,-13.178869,96.0
422592.0,-13.036283,96.0
422688.0,-14.307134,96.0
422784.0,-14.098462,96.0
422880.0,-13.576598,96.0
422976.0,-14.241135,96.0
423072.0,-13.513892,96.0
423168.0,-13.45692,96.0
423264.0,-13.670719,96.0
423360.0,-12.600153,96.0
423456.0,-13.225014,96.0
423552.0,-13.646252,96.0
423648.0,-12.136077,96.0
423744.0,-12.742485,96.0
423840.0,-14.108476,96.0
423936.0,-14.21718,96.0
424032.0,-13.937938,96.0
424128.0,-13.482278,96.0
424224.0,-12.446881,96.0
424320.0,-11.868453,96.0
424416.0,-13.075373,96.0
424512.0,-13.939693,96.0
424608.0,-14.116273,96.0
424704.0,-14.464634,96.0
424800.0,-13.024595,96.0
424896.0,-14.575314,96.0
424992.0,-13.466852,96.0
425088.0,-14.476798,96.0
425184.0,-13.829153,96.0
425280.0,-14.22502,96.0
425376.0,-14.203938,96.0
425472.0,-10.055809,96.0
425568.0,-14.291815,96.0
425664.0,-12.979042,96.0
425760.0,-13.606996,96.0
425856.0,-14.579978,96.0
425952.0,-12.61809,96.0
426048.0,-14.269323,96.0
426144.0,-12.911834,96.0
426240.0,-12.99377,96.0
426336.0,-12.345852,96.0
426432.0,-13.208375,96.0
426528.0,-13.416973,96.0
426624.0,-14.492101,96.0
426720.0,-13.583767,96.0
426816.0,-14.182891,96.0
426912.0,-12.722054,96.0
427008.0,-13.499798,96.0
427104.0,-14.411719,96.0
427200.0,-14.438588,96.0
427296.0,-14.524533,96.0
427392.0,-13.555269,96.0
427488.0,-14.294142,96.0
427584.0,-12.385659,96.0
427680.0,-13.426184,96.0
427776.0,-12.26887,96.0
427872.0,-13.880575,96.0
427968.0,-11.682228,96.0
428064.0,-12.949908,96.0
428160.0,-12.669255,96.0
428256.0,-11.493293,96.0
428352.0,-12.558705,96.0
428448.0,-13.708556,96.0
428544.0,-12.601844,96.0
428640.0,-14.401808,96.0
428736.0,-10.483376,96.0
428832.0,-12.65505,96.0
428928.0,-14.601717,96.0
429024.0,-14.455845,96.0
429120.0,-13.411517,96.0
429216.0,-14.343654,96.0
429312.0,-14.646019,96.0
429408.0,-14.196673,96.0
429504.0,-12.915621,96.0
429600.0,-13.968606,96.0
429696.0,-12.683982,96.0
429792.0,-13.92706,96.0
429888.0,-13.427473,96.0
429984.0,-14.384815,96.0
430080.0,-14.09485,96.0
430176.0,-14.11223,96.0
430272.0,-13.250411,96.0
430368.0,-14.236326,96.0
430464.0,-11.286691,96.0
430560.0,-13.854926,96.0
430656.0,-13.278826,96.0
430752.0,-14.314593,96.0
430848.0,-13.457547,96.0
430944.0,-12.567079,96.0
431040.0,-13.233003,96.0
431136.0,-13.323328,96.0
431232.0,-14.143429,96.0
431328.0,-12.79707,96.0
431424.0,-13.654287,96.0
431520.0,-12.595083,96.0
431616.0,-13.904108,96.0
431712.0,-12.266987,96.0
431808.0,-13.238601,96.0
431904.0,-14.431201,96.0
432000.0,-13.037415,96.0
432096.0,-12.926197,96.0
432192.0,-14.249695,96.0
432288.0,-13.898922,96.0
432384.0,-14.118379,96.0
432480.0,-11.643991,96.0
432576.0,-13.0591,96.0
432672.0,-13.081368,96.0
432768.0,-13.665236,96.0
432864.0,-13.833811,96.0
432960.0,-13.79339,96.0
433056.0,-12.832322,96.0
433152.0,-14.029828,96.0
433248.0,-13.122069,96.0
433344.0,-14.447024,96.0
433440.0,-14.009877,96.0
433536.0,-13.41869,96.0
433632.0,-13.412767,96.0
433728.0,-11.231517,96.0
433824.0,-12.466331,96.0
433920.0,-13.991175,96.0
434016.0,-13.568801,96.0
434112.0,-12.99231,96.0
434208.0,-14.164999,96.0
434304.0,-13.767846,96.0
434400.0,-12.679708,96.0
434496.0,-14.443962,96.0
434592.0,-12.080595,96.0
434688.0,-10.284013,96.0
434784.0,-14.342568,96.0
434880.0,-14.142204,96.0
434976.0,-11.769864,96.0
435072.0,-13.103148,96.0
435168.0,-12.471252,96.0
435264.0,-13.279399,96.0
435360.0,-11.723653,96.0
435456.0,-14.303671,96.0
435552.0,-9.571875,96.0
435648.0,-13.415612,96.0
435744.0,-14.263915,96.0
435840.0,-14.399184,96.0
435936.0,-14.186995,96.0
436032.0,-13.408289,96.0
436128.0,-14.520622,96.0
436224.0,-13.423401,96.0
436320.0,-14.461763,96.0
436416.0,-13.388207,96.0
436512.0,-13.852463,96.0
436608.0,-14.032399,96.0
436704.0,-14.205315,96.0
436800.0,-14.44001,96.0
436896.0,-11.286725,96.0
436992.0,-11.568812,96.0
437088.0,-11.3298,96.0
437184.0,-14.331837,96.0
437280.0,-12.398797,96.0
437376.0,-14.300331,96.0
437472.0,-13.462693,96.0
437568.0,-14.536187,96.0
437664.0,-13.371165,96.0
437760.0,-12.989175,96.0
437856.0,-14.246828,96.0
437952.0,-13.729434,96.0
438048.0,-11.724605,96.0
438144.0,-13.448146,96.0
438240.0,-14.300807,96.0
438336.0,-12.553975,96.0
438432.0,-12.562112,96.0
438528.0,-12.688122,96.0
438624.0,-12.793598,96.0
438720.0,-14.298868,96.0
438816.0,-13.038799,96.0
438912.0,-10.617334,96.0
439008.0,-14.444836,96.0
439104.0,-14.469204,96.0
439200.0,-12.432698,96.0
439296.0,-13.974117,96.0
439392.0,-9.801941,96.0
439488.0,-14.229414,96.0
439584.0,-13.347,96.0
439680.0,-13.397098,96.0
439776.0,-13.799954,96.0
439872.0,-14.250466,96.0
439968.0,-13.211019,96.0
440064.0,-12.53108,96.0
440160.0,-13.67879,96.0
440256.0,-13.421181,96.0
440352.0,-14.301628,96.0
440448.0,-12.632511,96.0
440544.0,-13.804536,96.0
440640.0,-12.860517,96.0
440736.0,-12.964558,96.0
440832.0,-11.359768,96.0
440928.0,-11.445191,96.0
441024.0,-13.512803,96.0
441120.0,-13.554647,96.0
441216.0,-11.405069,96.0
441312.0,-14.373061,96.0
441408.0,-11.383696,96.0
441504.0,-14.392866,96.0
441600.0,-13.440556,96.0
441696.0,-13.797052,96.0
441792.0,-14.437616,96.0
441888.0,-12.881695,96.0
441984.0,-13.499714,96.0
442080.0,-14.064668,96.0
442176.0,-13.857526,96.0
442272.0,-14.017361,96.0
442368.0,-14.362516,96.0
442464.0,-14.5859,96.0
442560.0,-14.357403,96.0
442656.0,-10.537692,96.0
442752.0,-12.456827,96.0
442848.0,-14.219893,96.0
442944.0,-13.96383,96.0
443040.0,-14.196041,96.0
443136.0,-14.252699,96.0
443232.0,-13.361663,96.0
443328.0,-14.189215,96.0
443424.0,-13.288799,96.0
443520.0,-14.329755,96.0
443616.0,-13.698879,96.0
443712.0,-13.56116,96.0
443808.0,-14.124854,96.0
443904.0,-9.371802,96.0
444000.0,-13.779266,96.0
444096.0,-13.102705,96.0
444192.0,-11.74643,96.0
444288.0,-13.733382,96.0
444384.0,-14.015421,96.0
444480.0,-13.394224,96.0
444576.0,-13.014317,96.0
444672.0,-12.853741,96.0
444768.0,-13.353171,96.0
444864.0,-13.853411,96.0
444960.0,-11.302628,96.0
445056.0,-14.152018,96.0
445152.0,-13.981168,96.0
445248.0,-14.493064,96.0
445344.0,-13.523695,96.0
445440.0,-14.052936,96.0
445536.0,-14.077139,96.0
445632.0,-11.538709,96.0
445728.0,-14.68204,96.0
445824.0,-11.8553,96.0
445920.0,-11.367213,96.0
446016.0,-14.243021,96.0
446112.0,-13.492007,96.0
446208.0,-9.304838,96.0
446304.0,-13.551202,96.0
446400.0,-13.787641,96.0
446496.0,-14.234681,96.0
446592.0,-13.842597,96.0
446688.0,-12.136488,96.0
446784.0,-14.149338,96.0
446880.0,-13.07847,96.0
446976.0,-14.142284,96.0
447072.0,-13.206449,96.0
447168.0,-14.46314,96.0
447264.0,-13.928431,96.0
447360.0,-14.413779,96.0
447456.0,-14.085133,96.0
447552.0,-14.077715,96.0
447648.0,-13.446742,96.0
447744.0,-13.212575,96.0
447840.0,-12.938755,96.0
447936.0,-14.117006,96.0
448032.0,-12.789067,96.0
448128.0,-13.025404,96.0
448224.0,-13.346265,96.0
448320.0,-13.977077,96.0
448416.0,-10.74808,96.0
448512.0,-13.223042,96.0
448608.0,-13.980611,96.0
448704.0,-14.489954,96.0
448800.0,-14.17172,96.0
448896.0,-13.38425,96.0
448992.0,-14.42054,96.0
449088.0,-13.978064,96.0
449184.0,-12.705677,96.0
449280.0,-12.136821,96.0
449376.0,-12.538741,96.0
449472.0,-13.62049,96.0
449568.0,-13.000956,96.0
449664.0,-12.181838,96.0
449760.0,-13.823641,96.0
449856.0,-13.457349,96.0
449952.0,-14.420216,96.0
450048.0,-13.044671,96.0
450144.0,-11.32261,96.0
450240.0,-13.29477,96.0
450336.0,-11.174624,96.0
450432.0,-12.235961,96.0
450528.0,-13.562364,96.0
450624.0,-14.531634,96.0
450720.0,-12.47946,96.0
450816.0,-14.309987,96.0
450912.0,-11.019244,96.0
451008.0,-10.122647,96.0
451104.0,-12.550235,96.0
451200.0,-12.061235,96.0
451296.0,-14.537745,96.0
451392.0,-11.110588,96.0
451488.0,-14.385941,96.0
451584.0,-14.336373,96.0
451680.0,-13.336652,96.0
451776.0,-13.810155,96.0
451872.0,-13.96602,96.0
451968.0,-14.432544,96.0
452064.0,-13.995499,96.0
452160.0,-13.872166,96.0
452256.0,-12.833526,96.0
452352.0,-13.473792,96.0
452448.0,-14.508912,96.0
452544.0,-14.127059,96.0
452640.0,-11.834274,96.0
452736.0,-14.388572,96.0
452832.0,-14.30057,96.0
452928.0,-13.701298,96.0
453024.0,-14.454274,96.0
453120.0,-13.396252,96.0
453216.0,-14.42255,96.0
453312.0,-14.308923,96.0
453408.0,-13.972075,96.0
453504.0,-11.29549,96.0
453600.0,-13.176753,96.0
453696.0,-14.140337,96.0
453792.0,-11.101159,96.0
453888.0,-14.468723,96.0
453984.0,-12.716992,96.0
454080.0,-12.477313,96.0
454176.0,-14.165247,96.0
454272.0,-13.395593,96.0
454368.0,-14.04062,96.0
454464.0,-13.783536,96.0
454560.0,-14.165399,96.0
454656.0,-14.049792,96.0
454752.0,-11.874349,96.0
454848.0,-13.363234,96.0
454944.0,-13.246566,96.0
455040.0,-14.006297,96.0
455136.0,-13.744905,96.0
455232.0,-14.182813,96.0
455328.0,-13.908451,96.0
455424.0,-12.41398,96.0
455520.0,-13.03382,96.0
455616.0,-12.513543,96.0
455712.0,-13.798463,96.0
455808.0,-14.018398,96.0
455904.0,-14.238328,96.0
456000.0,-13.158604,96.0
456096.0,-11.403592,96.0
456192.0,-13.429311,96.0
456288.0,-13.208644,96.0
456384.0,-14.577019,96.0
456480.0,-14.176793,96.0
456576.0,-14.094545,96.0
456672.0,-14.48305,96.0
456768.0,-13.107164,96.0
456864.0,-14.539363,96.0
456960.0,-13.053219,96.0
457056.0,-13.767815,96.0
457152.0,-13.996241,96.0
457248.0,-11.052039,96.0
457344.0,-13.906598,96.0
457440.0,-14.18623,96.0
457536.0,-13.464239,96.0
457632.0,-14.10312,96.0
457728.0,-11.793583,96.0
457824.0,-13.008179,96.0
457920.0,-11.468539,96.0
458016.0,-13.473307,96.0
458112.0,-14.00052,96.0
458208.0,-13.889119,96.0
458304.0,-13.76479,96.0
458400.0,-13.766573,96.0
458496.0,-11.284286,96.0
458592.0,-12.307122,96.0
458688.0,-13.512505,96.0
458784.0,-11.967988,96.0
458880.0,-11.89039,96.0
458976.0,-14.008953,96.0
459072.0,-13.976488,96.0
459168.0,-12.729776,96.0
459264.0,-13.631799,96.0
459360.0,-13.944571,96.0
459456.0,-13.164303,96.0
459552.0,-14.176453,96.0
459648.0,-11.517465,96.0
459744.0,-12.606199,96.0
459840.0,-14.049844,96.0
459936.0,-14.122201,96.0
460032.0,-13.533211,96.0
460128.0,-14.068394,96.0
460224.0,-13.5667,96.0
460320.0,-14.165293,96.0
460416.0,-13.535312,96.0
460512.0,-14.4549,96.0
460608.0,-12.990892,96.0
460704.0,-13.573283,96.0
460800.0,-14.451851,96.0
460896.0,-13.387313,96.0
460992.0,-14.118574,96.0
461088.0,-14.323615,96.0
461184.0,-13.693671,96.0
461280.0,-12.961181,96.0
461376.0,-13.371441,96.0
461472.0,-14.077395,96.0
461568.0,-14.118485,96.0
461664.0,-13.448064,96.0
461760.0,-13.213081,96.0
461856.0,-14.087524,96.0
461952.0,-14.513621,96.0
462048.0,-14.454658,96.0
462144.0,-14.331469,96.0
462240.0,-13.496295,96.0
462336.0,-13.244833,96.0
462432.0,-14.535058,96.0
462528.0,-12.222257,96.0
462624.0,-14.201133,96.0
462720.0,-14.332619,96.0
462816.0,-14.332326,96.0
462912.0,-13.509,96.0
463008.0,-14.638329,96.0
463104.0,-14.318939,96.0
463200.0,-14.391136,96.0
463296.0,-14.093041,96.0
463392.0,-14.126432,96.0
463488.0,-14.239121,96.0
463584.0,-14.078136,96.0
463680.0,-14.355079,96.0
463776.0,-13.441886,96.0
463872.0,-11.857202,96.0
463968.0,-13.186463,96.0
464064.0,-13.871114,96.0
464160.0,-14.176891,96.0
464256.0,-14.395583,96.0
464352.0,-13.098276,96.0
464448.0,-12.354665,96.0
464544.0,-14.101853,96.0
464640.0,-14.354013,96.0
464736.0,-14.100912,96.0
464832.0,-13.048292,96.0
464928.0,-11.070085,96.0
465024.0,-14.160199,96.0
465120.0,-13.474062,96.0
465216.0,-13.98649,96.0
465312.0,-14.138017,96.0
465408.0,-10.687176,96.0
465504.0,-13.492074,96.0
465600.0,-14.519434,96.0
465696.0,-14.616257,96.0
465792.0,-13.261449,96.0
465888.0,-11.767739,96.0
465984.0,-11.940899,96.0
466080.0,-11.409279,96.0
466176.0,-13.018117,96.0
466272.0,-13.963116,96.0
466368.0,-13.296816,96.0
466464.0,-13.724622,96.0
466560.0,-13.538509,96.0
466656.0,-11.355504,96.0
466752.0,-14.25597,96.0
466848.0,-14.231901,96.0
466944.0,-12.891692,96.0
467040.0,-14.60988,96.0
467136.0,-13.650897,96.0
467232.0,-13.821063,96.0
467328.0,-12.524979,96.0
467424.0,-14.353301,96.0
467520.0,-12.960313,96.0
467616.0,-13.538471,96.0
467712.0,-13.95245,96.0
467808.0,-11.506996,96.0
467904.0,-13.672714,96.0
468000.0,-13.5183,96.0
468096.0,-12.439411,96.0
468192.0,-14.207558,96.0
468288.0,-14.207752,96.0
468384.0,-12.737818,96.0
468480.0,-13.522851,96.0
468576.0,-13.01293,96.0
468672.0,-13.886632,96.0
468768.0,-14.418196,96.0
468864.0,-12.865505,96.0
468960.0,-11.437783,96.0
469056.0,-14.150027,96.0
469152.0,-13.055218,96.0
469248.0,-14.289084,96.0
469344.0,-12.344511,96.0
469440.0,-14.609822,96.0
469536.0,-14.250097,96.0
469632.0,-14.174744,96.0
469728.0,-11.071227,96.0
469824.0,-10.852922,96.0
469920.0,-14.473711,96.0
470016.0,-14.249255,96.0
470112.0,-14.037389,96.0
470208.0,-13.538347,96.0
470304.0,-13.586979,96.0
470400.0,-13.498749,96.0
470496.0,-13.176918,96.0
470592.0,-12.368418,96.0
470688.0,-14.112342,96.0
470784.0,-13.047118,96.0
470880.0,-13.541084,96.0
470976.0,-13.432066,96.0
471072.0,-12.765213,96.0
471168.0,-13.904685,96.0
471264.0,-12.582233,96.0
471360.0,-14.325509,96.0
471456.0,-14.221181,96.0
471552.0,-14.163483,96.0
471648.0,-11.657071,96.0
471744.0,-13.753825,96.0
471840.0,-13.96022,96.0
471936.0,-11.489677,96.0
472032.0,-11.652078,96.0
472128.0,-13.562146,96.0
472224.0,-14.105022,96.0
472320.0,-14.414796,96.0
472416.0,-14.32527,96.0
472512.0,-14.557428,96.0
472608.0,-14.558831,96.0
472704.0,-13.373887,96.0
472800.0,-12.290211,96.0
472896.0,-10.076898,96.0
472992.0,-14.30689,96.0
473088.0,-13.954441,96.0
473184.0,-13.704262,96.0
473280.0,-14.275854,96.0
473376.0,-11.930867,96.0
473472.0,-13.50762,96.0
473568.0,-14.423996,96.0
473664.0,-14.006793,96.0
473760.0,-13.109636,96.0
473856.0,-13.986321,96.0
473952.0,-13.554518,96.0
474048.0,-13.897255,96.0
474144.0,-13.396322,96.0
474240.0,-12.553102,96.0
474336.0,-13.363626,96.0
474432.0,-14.43826,96.0
474528.0,-14.247721,96.0
474624.0,-14.409069,96.0
474720.0,-11.676606,96.0
474816.0,-13.178376,96.0
474912.0,-13.437867,96.0
475008.0,-14.093358,96.0
475104.0,-13.757565,96.0
475200.0,-13.369675,96.0
475296.0,-12.19128,96.0
475392.0,-11.183015,96.0
475488.0,-14.104382,96.0
475584.0,-13.040747,96.0
475680.0,-13.227212,96.0
475776.0,-13.644917,96.0
475872.0,-12.825365,96.0
475968.0,-13.252999,96.0
476064.0,-14.17098,96.0
476160.0,-13.94255,96.0
476256.0,-12.976354,96.0
476352.0,-14.372512,96.0
476448.0,-13.745091,96.0
476544.0,-13.705289,96.0
476640.0,-14.00049,96.0
476736.0,-11.700462,96.0
476832.0,-14.144457,96.0
476928.0,-12.53361,96.0
477024.0,-12.287181,96.0
477120.0,-13.606559,96.0
477216.0,-14.446054,96.0
477312.0,-13.020874,96.0
477408.0,-14.282294,96.0
477504.0,-13.856765,96.0
477600.0,-12.689912,96.0
477696.0,-12.827917,96.0
477792.0,-14.386628,96.0
477888.0,-12.672519,96.0
477984.0,-14.46466,96.0
478080.0,-13.606947,96.0
478176.0,-14.662412,96.0
478272.0,-13.61995,96.0
478368.0,-13.359204,96.0
478464.0,-14.250345,96.0
478560.0,-13.612676,96.0
478656.0,-11.653374,96.0
478752.0,-13.718842,96.0
478848.0,-14.397823,96.0
478944.0,-14.319165,96.0
479040.0,-14.5509,96.0
479136.0,-12.935157,96.0
479232.0,-14.074354,96.0
479328.0,-13.559723,96.0
479424.0,-14.375992,96.0
479520.0,-13.420024,96.0
479616.0,-14.114489,96.0
479712.0,-13.526078,96.0
479808.0,-13.73369,96.0
479904.0,-13.297675,96.0
480000.0,-14.472247,96.0
480096.0,-14.190656,96.0
480192.0,-12.046131,96.0
480288.0,-13.895489,96.0
480384.0,-13.503279,96.0
480480.0,-13.949727,96.0
480576.0,-14.662191,96.0
480672.0,-14.347345,96.0
480768.0,-14.289723,96.0
480864.0,-12.747586,96.0
480960.0,-13.231896,96.0
481056.0,-13.937038,96.0
481152.0,-11.383693,96.0
481248.0,-14.252856,96.0
481344.0,-13.907253,96.0
481440.0,-12.440531,96.0
481536.0,-14.049162,96.0
481632.0,-11.115729,96.0
481728.0,-14.202176,96.0
481824.0,-14.10646,96.0
481920.0,-13.463347,96.0
482016.0,-14.603449,96.0
482112.0,-14.301469,96.0
482208.0,-13.382241,96.0
482304.0,-13.948535,96.0
482400.0,-14.531777,96.0
482496.0,-13.090081,96.0
482592.0,-13.461926,96.0
482688.0,-10.74408,96.0
482784.0,-13.022561,96.0
482880.0,-13.899927,96.0
482976.0,-12.943205,96.0
483072.0,-14.167314,96.0
483168.0,-13.15603,96.0
483264.0,-12.952688,96.0
483360.0,-11.729076,96.0
483456.0,-14.101146,96.0
483552.0,-13.865082,96.0
483648.0,-14.405765,96.0
483744.0,-13.631314,96.0
483840.0,-14.286543,96.0
483936.0,-13.328663,96.0
484032.0,-13.027937,96.0
484128.0,-14.207595,96.0
484224.0,-13.858432,96.0
484320.0,-13.409953,96.0
484416.0,-13.326603,96.0
484512.0,-13.985387,96.0
484608.0,-14.164303,96.0
484704.0,-13.442442,96.0
484800.0,-13.916646,96.0
484896.0,-14.385577,96.0
484992.0,-13.428743,96.0
485088.0,-13.581526,96.0
485184.0,-13.927732,96.0
485280.0,-11.315321,96.0
485376.0,-14.839285,96.0
485472.0,-14.300371,96.0
485568.0,-14.225388,96.0
485664.0,-13.53565,96.0
485760.0,-13.334524,96.0
485856.0,-14.137732,96.0
485952.0,-14.09152,96.0
486048.0,-13.675836,96.0
486144.0,-13.321275,96.0
486240.0,-14.105468,96.0
486336.0,-13.030361,96.0
486432.0,-14.31235,96.0
486528.0,-11.803622,96.0
486624.0,-12.002171,96.0
486720.0,-13.853505,96.0
486816.0,-14.447694,96.0
486912.0,-13.632427,96.0
487008.0,-13.843419,96.0
487104.0,-14.10635,96.0
487200.0,-12.923432,96.0
487296.0,-13.191479,96.0
487392.0,-12.277832,96.0
487488.0,-11.742119,96.0
487584.0,-13.311762,96.0
487680.0,-14.271306,96.0
487776.0,-13.082549,96.0
487872.0,-14.356642,96.0
487968.0,-11.294009,96.0
488064.0,-14.344511,96.0
488160.0,-13.959437,96.0
488256.0,-12.548825,96.0
488352.0,-14.205314,96.0
488448.0,-14.106128,96.0
488544.0,-12.922189,96.0
488640.0,-14.465788,96.0
488736.0,-14.483985,96.0
488832.0,-13.150186,96.0
488928.0,-11.13044,96.0
489024.0,-14.087865,96.0
489120.0,-14.387548,96.0
489216.0,-13.696481,96.0
489312.0,-13.464205,96.0
489408.0,-12.71034,96.0
489504.0,-13.987844,96.0
489600.0,-13.524746,96.0
489696.0,-14.35913,96.0
489792.0,-14.371458,96.0
489888.0,-14.237113,96.0
489984.0,-14.370655,96.0
490080.0,-12.199287,96.0
490176.0,-13.39071,96.0
490272.0,-13.669032,96.0
490368.0,-14.534972,96.0
490464.0,-12.53929,96.0
490560.0,-12.885177,96.0
490656.0,-14.427984,96.0
490752.0,-13.027488,96.0
490848.0,-13.613529,96.0
490944.0,-11.679484,96.0
491040.0,-13.91115,96.0
491136.0,-13.706316,96.0
491232.0,-13.396463,96.0
491328.0,-14.154034,96.0
491424.0,-14.58803,96.0
491520.0,-11.5108,96.0
491616.0,-13.632556,96.0
491712.0,-13.691155,96.0
491808.0,-13.577908,96.0
491904.0,-13.310897,96.0
492000.0,-13.073241,96.0
492096.0,-13.533545,96.0
492192.0,-14.360497,96.0
492288.0,-13.872168,96.0
492384.0,-13.250189,96.0
492480.0,-13.91022,96.0
492576.0,-12.476762,96.0
492672.0,-14.119269,96.0
492768.0,-14.056255,96.0
492864.0,-11.674409,96.0
492960.0,-13.422511,96.0
493056.0,-11.174897,96.0
493152.0,-14.471137,96.0
493248.0,-12.688152,96.0
493344.0,-9.538288,96.0
493440.0,-13.75464,96.0
493536.0,-13.047851,96.0
493632.0,-11.800031,96.0
493728.0,-12.354484,96.0
493824.0,-14.472406,96.0
493920.0,-13.55034,96.0
494016.0,-13.408659,96.0
494112.0,-14.043128,96.0
494208.0,-14.225082,96.0
494304.0,-13.408651,96.0
494400.0,-14.419671,96.0
494496.0,-13.263803,96.0
494592.0,-13.975197,96.0
494688.0,-13.683004,96.0
494784.0,-12.927686,96.0
494880.0,-12.739191,96.0
494976.0,-14.554435,96.0
495072.0,-14.60777,96.0
495168.0,-13.171069,96.0
495264.0,-12.906914,96.0
495360.0,-14.459124,96.0
495456.0,-12.977098,96.0
495552.0,-11.920226,96.0
495648.0,-12.921105,96.0
495744.0,-14.250293,96.0
495840.0,-13.300242,96.0
495936.0,-9.885582,96.0
496032.0,-13.179323,96.0
496128.0,-13.79219,96.0
496224.0,-13.327535,96.0
496320.0,-11.096588,96.0
496416.0,-14.154355,96.0
496512.0,-14.438696,96.0
496608.0,-14.316958,96.0
496704.0,-12.274631,96.0
496800.0,-14.071034,96.0
496896.0,-13.303912,96.0
496992.0,-14.16263,96.0
497088.0,-14.427534,96.0
497184.0,-10.001303,96.0
497280.0,-14.400014,96.0
497376.0,-14.375602,96.0
497472.0,-14.083434,96.0
497568.0,-13.423089,96.0
497664.0,-14.088623,96.0
497760.0,-14.053585,96.0
497856.0,-12.748435,96.0
497952.0,-14.525168,96.0
498048.0,-13.07136,96.0
498144.0,-13.773313,96.0
498240.0,-13.443301,96.0
498336.0,-13.631118,96.0
498432.0,-13.873096,96.0
498528.0,-14.308807,96.0
498624.0,-10.065994,96.0
498720.0,-13.518756,96.0
498816.0,-14.132047,96.0
498912.0,-14.095153,96.0
499008.0,-13.919903,96.0
499104.0,-14.004428,96.0
499200.0,-14.602585,96.0
499296.0,-14.265621,96.0
499392.0,-14.134382,96.0
499488.0,-14.19085,96.0
499584.0,-12.470754,96.0
499680.0,-14.101271,96.0
499776.0,-14.498862,96.0
499872.0,-12.690744,96.0
499968.0,-13.359197,96.0
